Rank,Title,Heat,Link
2.,外交部回应优衣库不用新疆棉,299.0万,/l?e=ab43syb251ySGSH7rfRaL%2FlCzedneoST6b30wq0IzgYfdudJh5miRdEb3kua4DlqaELNIeQdTpgBHo4Gf7jHguutzJbhX%2ByV8pi8oOFafoVfTXf89nW6fBc9RXxCcS5Cq9djV02sMb4INpyEi4IjIPIDLfjqIkSu6zSo8mPNhay91s9kGDkNSSn4%2Fhcuw1a85xvh%2BTOr2UTWb28w%2FXJH5FSO%2Fs%2FkzcbtufpkGjwg830kyHjG8NcBGD7wxUZ0%2Fzpi6IoXOYa%2FLxkmc7RPu5GHOwkjldnV%2BSH3QFHD%2B2b4j0ZhwXQIxwuVNJg9GeJL09Wrgwmmkiy%2Fn7wTFd2BK7u5828BixfN0Cm57OkrvjA8V1VIUU9O4U7kKnJBOCbM4lZxUjdifnbU
3.,春晚官博回复檀健次春晚相关,晚会 888700,/l?e=af8c95zr0qt8hEI227NZSyqb%2BInPObM%2BwueHbPECi9YBAoN2s1aXX7akoRwC4bUNwbNRplqy1dUJrh5%2B9tuxh8vxu4MxLeglfEPubbIc8D2NnAcDTqE9MOKkEFJeRA%2F7qavxlxbxBkUlG0Ksw0nibmp9sQh4hmKnABpsKHpUno7AmzIgoEUBT7nPi3nuJodeV0J%2FsnaJXu038qIe5beus5etHNKeU7iH%2BnezfE4SezwFG46EfgjM%2F3BJ5mdoB%2FENf1kudnXBl40b%2BM0G2%2FWTzsIHpBZndUKncwNCcDjD%2FftnLz82R7DDtpKcaGDZcb5KJrkRHgcCjAqAmojsJ1oV8H7n%2FVXoh3GkfMJ5baS07Zwy5RLcc2nG2yXNwbqTh6kSndnkqWmD
4.,43位志愿军烈士遗骸今日安葬,81.3万,/l?e=efaf%2FqcZ1e35Ow5RVhK5ENMzZTjsKgkYLkvONIDHRoZybI5H5P3l6c9cVW0fFQOlCnlAS3yzvgH1l6RFYohPkdNAtT1oyCm3sFiq3GN8%2B39HH8Sq%2B%2BRFPBXr6jxVDzGMLyfaf4jVqGFbeRyK9SS4VpS55U%2BLzefKstjKlLyEKpOfa5LAwFnsoQofwHIa2UhyEVM6W1zgDVhuMpqn73GU0Ys%2FBKiL3OFg7sAxa5S3xfCfMxPJJIo0wHqyFz0%2FCY45cg1RGOFElbhYwxWSM9NFoUgJfZT6NpAQyqTdDd%2FFdq5lSKKPKLHRgs2ohyuu8ZAxpDRH2hulbAi7OYh0Y%2BNxztvOOFsRqV01%2Bxlf6nh6UEdSI2Fy1ITPp7s
5.,韩安冉称do脸模板是赵露思,76.2万,/l?e=a233rxB4xUjlaZKC91eZoAfFeSm4I%2BXfbz6RGY2uDO0k9KqL8YAE7NlgXaKwp7bR%2BQsmiP2yx5c%2BTHgCYfJXh8jJeaNB8qCj6dAqoHjDLRoqAufXsjl7uQ40jCg%2FO1v1uOQo4QAgRDi9fp4Tp1rVxZiNOiDHLj8ZJbtMSbiRu2Hpiwbs1I8VMcFp8SCCaeHwAbe213AS3RFJfj%2Bf5WQpjauMQkNZD84HqPS%2FZSQnDffKFZCYNu58K29sET1DZxLD3dqGorkJJfoGEslq%2BTjq7njKk2X4keWyFDOVkBliSqIGbttr%2B%2F3sHNNVBF6TyJ7CLgzP8w2O%2Bt29aOdfxpdDopwE9nHedfpxRYc
6.,巴黎世家售出8天后要顾客补1147元,66.9万,/l?e=bfa8NPzoaGYznNhHxha5Dc2UPvUwQnxTmcDpmgZKCR%2F6heanBMz%2BGBxtGOk7gS1SW9CFpLI6Tx14boH60RNaEYIjb3u0c1Qe3FH8N3F07%2B5pQQksRnAGRh%2BFN325f6NfRhTiXMogiIPLTFeh%2FiGWkRFF5im9L9HC0TChycO%2FnU6De4joH8B5Qu7fV2Cqs3EziHpbPyI3mVUx2KLNPxIdG2ABdKRLj6MN01JjqbNlx7PsGvJ3GYkdvOVvEzk4F1krSnINHl1UuIYboZlzR%2F11Qw8Bpm4Lsyk50BeyhOAkm3cuqb02KCjeqHrvjWJKmv%2B8vvzxP3IhIznfeHDyqqbU2eZz0ZjTMe6RUIxXuoWkNh7fs26ak4AFb%2BuxhrmrE6rmVkUHK6Lna918Xv0
7.,印政府还在用被封杀4年的中国APP,41.4万,/l?e=d3a5HbrsRPIY8GMawLVIaLuuM%2BXGymHRPZdxSD7L9qVvlh1k1Kn4cVu%2BXtrbvTU8atZWr3MO3LMiJSFEfNM78%2BZ2z16%2FkpiGqcYgvnlTp6zr9rHXn%2B6JLaw6wosGY8kJhUOQEau%2FQxOYN5i6tEhAOLriiyBSEvjtde04avlpqIsd7BjjKavZ%2BqNK%2BZptRvCpYIfWjYF85l5Yspb%2B1XGfvvZDl3ADylAs554x6Tkv0nAvPMIMfGH1UrC2mv%2FsDdnJT8JKEIvlkHeljNiC%2BYAGcQxKNq3%2BP%2ByBmILtHb7s19ll4Ekz0Fb2eaXAcRalYG0f8S5Oe6Yc1aYTGF0lPwAnytpqbA0jPb7evkmQsNIfHYLLrstzTy%2BxmuYs7OgTuuSog25OCnIpiUArLg
8.,星动剪刀手养成日记,,/l?e=6d7bSO64TXJD74mhOBVVQCrthy0mbxur%2BS51vy%2B71OX0B3Z7hezIe38Cb3wY7arZhia5oaD2auXdQ17ECpUa%2FNjiLVdpdQXzmhgUj4rlaVzQmcEuy7kiTwbx%2BB3xabX2r7W7gdpN06sB0WaxqJlAX47tEJZmjEf0rA337be0Yj2eZnPs%2BlvUyAGQZJoUG1H0U3xZrCw4fMVy%2FrvzQn47vcV7vCJXy4RyYQ%2BTdCg%2Bbn13drH34nhPeXDr8TayCv%2FxrBd%2BQVoR49eIXZM6PbzIy1YxvMk4pz7bSQkWyrQrtskvBmZxnpdTMzQ8
9.,鹿晗回应喝多了,41.3万,/l?e=6aa2yNVQiEAa9f60vFExemOdoyZKXTXLnHU2ktalbs4c5tVPzTAYIvwn7aADAVMhPI%2FZMklkpMmXi9hj1P077QjDK7invunIaew0VYxjw%2B21HZQXQbeSIoIFf1muUhXBl2EgoiyKLSX3pJJZxy9Fuya4hn%2FaU90SyVuDM5GUa9CpPa6uJpFgXjVSETvhBeyei57mFNHL3No%2BnRTfMD6DfpofQBcpQckrzJS%2Fl3OfyUOrc9gJ6bK0c4WJTfFyngNBSb1sphSun%2BOwqRXy
10.,蛇年春晚标识有什么寓意,综艺 411590,/l?e=5a44NIDN6GbPf6%2BGRAVfKkniZeokwetzGn0xn%2BD%2F5mgDVzvs%2F%2FFE7vUpNKEG6uaJWxh9y%2BAMcxy5jCMaoc7R2KUvV8bGjaEaVIoedM5JFRzqbgt6ioM%2BErGDgbV%2BupaQiB%2FqA4VMjHuXdVz5ZpZhr4Hi6RMTpGp7j0EmvpLL4uLPKFeVvJ8rPjr%2FyA8zeT9lCxptKoV%2F8mAnPbrgdlo7aduhTQu%2FEsC1wMCfCcXi4TeQQ7dYGVPBaAE7Wmz%2FC0amX%2BGY2rlehJ414xs2AUDbLox4SCJSf99bgiFV7l6Ef0cmvt9x0BoubshvIugTDnqvsk3DfERUr0XFxulW76mVLHXrXIbUAeej
11.,A股三大指数11月收红,40.9万,/l?e=304dl2%2BrzJvS7V6YD%2F95vmwoC0rq9juva1x5L6RFZ8TrMDELa%2BbajFt4whPC2NaBM2aXVssgPmdy2bK6n%2Fv40fKPq%2Fx1T%2Bd%2FuFpzDrzfGdbVuiOTIilZaLRaBPorfVhAjfOTL5EQ5cGD3tl6KJYJZeEfHv98RFtkfO4nptnqQ41mEVMQUZb6erNYoJNHAcBdbEuiAEBWeAOYu98SPR0kE3X%2FDHNhx7Lqgh03ZYBKYKnWiIWgJZ%2BOb76CSfl%2BHu2Pq%2BU1piGixQg0YcnJLGvh9YDPKSGTO8heBysYZVLK
12.,韩国人的精致穷,40.6万,/l?e=283dPR71P68%2FDMm%2BdY5TkLhZgml66UNhaMBuXTajFtyIFl%2BRhhQLpIxLS7%2F7j%2F58YymcGAG7t8LRHY%2BLgNGYn8SvT9%2BmEQ8KlhCZN1syT8rVPgrVkN%2Fw5cgVnjE9hC5fl3Z0Mvw5Pcs85BUII9iN2eMbzzBdL4GDVuI4kXvNHmSE6kumdedcrh29JkqGeNfcMkAkn6QshJ7iH4INVFSbf%2FMkxQ59sqiae5IjDtIiC3olJS6PdVkANBaeeCCEUcJUM913gdsGLHXPd3Y%2F
13.,17名男女KTV聚众吸毒被一锅端,39.7万,/l?e=1ebcnKccYMYILWpZiMUmLr3rF1ZcfI1e9cE9Ui5pxQVZqy2A6Er7%2BlMLDkVjbCT0X9Kx%2B7Mge14vvwnmmlNZr%2BZ7GEDfv66bSMvtAfUtRfZbohERB%2FfNh3BK5cwlthCotzaGLS%2BZkuHVpLBey78S4po9KbPTbOt5GjRZxXR%2F8vLGDzEKbPJMvK0g%2Bb4rmH7ikjsOaq8LqkBvRctg6EUy%2FryirN%2F%2BZaLLV1%2FiO80IcPM3hBNOy34f2B1dmtAolJapnQhzTceHw31ifU9bITDoUNqzMVRw9Jjg%2FlcuHsC%2FayB1f2DtGLimGLu6hyKcFRUmcE6eEs0x1NkGaH%2F49wB270LsUfbHjm9EnRQCBmw
14.,鹿晗好拽,37.6万,/l?e=f0ccMDb7JUWn2U4DgW0mp%2FjY%2B9ORuz0FPRf8%2BL0uwTyjca9QRpZYTmyJL3z9TbfGB58i%2BN6eCNr6%2FApcMNFWBMJwNckwgUDVWHmAowSIJcaevQkNRl57lvWQ9IsKuDWEKmt0KFZbX0l2qgBtDb8cVIkRACGp0AAvuaprYMeNU4%2BtBmiz4pxXwAwvGDv8aXoaSiCt%2FJd0cBqSdd0sC1XX
15.,再见爱人4第七期视频没了,综艺 334653,/l?e=6a27UNIreQi0deGQT6eqRXbPcyt%2B4c1MmRs%2BXY%2FcqpSQmly8cfgfvbLpIcfQ7%2FBGhZ6Nf3E5uarQc2nuA88uuj4Ljqg67SMzE%2FUNHD5xhdwLeKWXFNJhMYGrtEMn8SU3XOXLjpAUhN9Y8iKfQxklUPP5eQB2OirmjLrNYhcNBuIBKjfRoRBjRVVysAKzsniQ970e50TKRTBmLurKZoJe%2B9YXvX1oAvYlQ9eAx3n7%2FNT%2BEQsrAZce%2F9DUaYhsln46415kux29Ww9bI729brJXTb2LftQhi%2B68SYFMgZIRWePHFWEWuKWBoGbYgxgjqwe%2B8yfSbO3DJlonJ1OeeNGdecklR1b8wsLtvQ
16.,导致胃癌的6个高危因素,33.2万,/l?e=38d211QRJFhSvYBBpyU14kdiD4Ap1%2FrwQdGMomru74XO6se0TLDqIJDU6oefXobKTsE505wvgKL62863bOgqKhQBp3RWdTqC23zQnWtLx5Hn8qSOOWXY4gKJ%2FqkXWoE6F6PVBGWGjZJ5QQFNDwq08ZZ%2B8KrUvQ6MKhuQ2cLwVEDtIscliwNU9k9hBNSt3NJFSVddNn0QTb7Zy%2Bm5CTkeKGqBzvlU5HeoQwQC9FikOr6UwNgJf5LlyzjZe%2BLyNwfJk%2FQyTvSrgcgcEXve9Coew5%2FRrsQ%2B9vhlyRoFYwS4FG1kb%2FpGsdJYeuhkcdMmrpBnZV%2BPs5aCX7%2FnSw
17.,黄雅琼回应郑思维退出国际赛场,30.2万,/l?e=5427Owc7NbPlTO2vLgAPO4nKsnWKBPZ177kJmHe8qcVXmqs4kumbr9OWFgCBgxGv8TNEgLhLXEY%2BszzElzF9k6MGlf%2FEVKmZe%2BANIeOvoSLKOJUG5VwSIQU9aft5FG%2FxMGzysym%2Bs6lUA8DRGMelYQ%2BPigOiBjTGeNxdhr2jWZRZ4e%2B8NajryDZLPM%2BWZh9238%2FqvBDrEl%2BJsEaxQpJZEqXAqvpHEI02JgeroR%2FuZIOkIqgdPF2B5Gcb8xAS1yLf%2Bw%2BpxAmfDkawySKCMtH0z6q7Lf9NmmBbVkCIN%2F2q%2Bf90LKcOUEL7i%2B956GHeuNx0hPv%2BLTnR7C7%2Bhi8vDF6W386yoRXda5oskYbLpNKzjM431XeZwkMKkAWq5XIyhoXxr7Sf827RlJW7WIYianyI8guF2%2B%2BV
18.,美国女子抱婴儿袭警母女都被射杀,23.6万,/l?e=610c%2FOtpyjb%2BD1gA4TDcR2nbUzbjaE5nYs56dMoHykwTJ%2FPoZ5Gy1jEXNH6qwPud5bRo9CC7aG7BQSIWuSpAJextedUquLGSGftKb4i9IChdHBHAORqC7vafFeD4Kfn2f1IJIyj5pqOLLKSiBiRpzuBt1ZjI9IyH30d94N9YoDxcrPFj18kK70fnZNQE3E%2B%2FitGc3KbeEYnfks0A6xdcuOkX%2B8fdEfTAIRhliJ7XBpjNeo4q1RqhND29UsB6L6o66SDWLnnMeFVCWyYJh7tOcDv6c5B2m9z6t1bTNtXeAZAv%2Fa7bna2hAXTjYfhuzczM9jap33pYbBcxVKxPD5YWQamqkq9sC%2BVD%2Fs%2FQmpPpo0j%2FthYI1u13usbyxLhPzDF6ng9r0UGAtwFbTDfM%2BRtgEgnIbGrNbctEXzrQI%2BpZpQs9mOne
19.,官方公布冷藏车厢内8人窒息死亡详情,23.2万,/l?e=e390aSNGAe5wi8gowQSwz6QolljWZMfT9badz37K612Di5z2sXI8ZpNG1gPfNZjqfIvmk5bDB48%2Fi8LqR2sPtYZ3e%2BwpTIC5g6PYnrJQgGfDdo8MNLINKTGhRP9KP89WPtwZDzbUQxtXwmKbfeYYuQmaY0w7R%2FkIJ1GHYdm9Fx20%2B93nVMEK43LHLoAw9q%2B26Ikb7NpjTRVdKlH4PEkJJD1l34l6EI%2FW1LGcABEMOHqIQrBOimTb02%2Bsw8W7BblGPDnXMO2wDCyJS9wd%2FZahPoNkU084cfbFg%2B1%2FdTH8IjbSN8KnQdht7YzpW2z54EJgRopsJs8ia2kTBQtWCC5PPnKHO%2FFha4ZyPTxehWHVXTIJHTQMQjP659jrBgnbBfJrLbej7W%2BYuwzzQL3BiGzYI4TdzWdjP3qBPkk5%2FEluok66tSpiF2%2ByPfkw4wj2QmUVvfge8w
20.,蛇年春晚看九命相柳,晚会 229738,/l?e=baa373%2FCm7yi9l1dCRYRwVD7ilPoWBHteYDmOU6erjgJkcTjbtoteQI1hi%2BdHqiTadB2P7uFkUoXRan0KOpqG2ap9O22BII2hEF7aO16l75JoXBeIxgK0r0ih7mtNONSZ9wDKdSY7RygV5qcHwpEaU%2FhVcze7Ed4vRT8HT3rdwpyhF3GTEddPJR5h%2BNGRY0GmFH7KvCBJQWw4TayE0TMmPnjzY5z%2FTK4yqOScsIVNbXzHTxPIr81zh1HAf5euA8h5W%2FeWX7dI%2BkbCFAJmyxllyft%2FG2SF9gw%2FYS1mXd6AXRy5v0DqmzojWtd
21.,张婧仪眉骨阴影,22.3万,/l?e=c1c7LzSN62oESXz%2FV0AOFvBaPNMz8Q2SGhuu8wOzJN7ZYPSSqTb3357evcUL%2FtJbJVusCRt1IvoZI1ZOUcddOpwXvIeoP16Geh%2FLyhSWuIu5XOYjFttJwxdRTYUkrjEJnDAfb4AYsKs8YThsBWsOVD98534S5hYPggbuvGL1P24gJF6%2Bz%2FJMxEw6dremol7VG6xxZZsf3wRXDhp1705msRTA5%2B0nDaScQ5IF3cEOiglWSuSzkIFwYQseQhmyAycg0EsQx0z87v6w%2BSyN
22.,打游戏一直稳是什么体验,22.1万,/l?e=d92ciLbnv5qrGe0%2FcS%2FYWEPUFXrn3SzObEFpPb0I%2BoP1MaLvauD6puMt4I9oX1VQt%2BmKWKRm4HZkgQfVXFIeBVWd8bTZ%2BXIGy3ynaEFomlTVwy3RB5CsziLbiMU7VV69d%2FPKuG7GMrIhwj9kTdRTgKFJraeUOw%2FEKKOX8Hw7mnalYCnCOxLpJFnB%2F9dn%2FSVW72ygiH0J0exQ8l0c%2Behs4hq452lxlJoxg%2F7swACzJSDjzOEa23UUe7SYlcjqxAEnu%2F5mAHVwrDTs8pvfIv9TT5UMaPbo8Qx6ffcG%2Bsd5TN%2Byw%2BWbJvMPA3FbgaFHeuM6%2BKjqXlg%2Fm1y84Efgy%2B9mzN5sE29eegEj
23.,中国游客在马尔代夫潜水遭鲨鱼咬头,21.5万,/l?e=809diom2o1qCXFdnn01BDEQgW6394qa23VstZLf4pj%2Be6FNXFXRfUDfxyYLljlUbDyC1isp1HFilesmii%2BH3EsyOJEaZKVnyGmajz9%2BmYptfJ%2BeBD%2FuEXtCIvStHw1yTnVRFDgrxpWSdQsh6oPFyt7YGmVCrwqixgAxEFN5Kkja1toH2a6ifjWOqn1ltI6pxIQVjyk0e%2BU3ZinwrYfB7J%2FhQUZjAwX7iqpAD9NRVmnUQ2GP3K2msv9BkT7D3txi56LaACdLzNTpYFRnVC0EOYdbYk9a2Gcvi0li9GkbqgjiZ3GGvEstoSP3845Es8n%2BVvLRHR47OvUArRFv4MxR%2Ff7mrizUv%2FrlqBaXt7bHMl%2B05YgOGocFOjRdIMmJi4pna1U1t0YWnobTgou2tyhGNtVeN8opo7ZcntZLdsmBJNSYKvbmrpor%2FUvmd53H0iQnL1ndy
24.,周密把周芯竹买话筒的钱转给她了,20.9万,/l?e=d625W89hOFzIgXArVo0DRcVlfLns%2Bl3WoETMIG%2FStbIH2B%2B7yCNLCFtgsWbY0b0zLFK8AWMShptkZG%2BvdZH7WlFFztKuaCub53RH90M%2FF3Wkwn%2BOl90i7a6twIODTbzkIVI6hMR3QTnZPYOZx5D90ILiRyHL1O8E4byIno1lcMpgVBl%2B3N0t%2FQiIFoRvud3YdByFc%2BAOQYtHPCz6ja7UbKNY93NJUbSP56HskH%2FVcSSKjZeqLOQlXYCPownTt057aX8nCg%2BJSNqxr12KwnPqMSG9KVxpGAhSJ3KGmkj2veQgNV1jdvbrO1CENtV%2Fc1QD%2F2V1G5y0X4ieG9EsNPei0ZlxgfBLd%2F8c2shw3vA%2B3EDABId%2BnKDS3UCyuf1JD4gPeAWdt5Cc683OKSAHFkh8SXc8kfzjjQ%2BRPaKKx0Nc7dyYgJOr
25.,冯绍峰接想想放学回家,20.8万,/l?e=67acFAWEUjYnBaH5GNA4tGkt2M%2F7eWQHfbjPRFd8%2Bm5wfF%2BATR1TXSl%2FsE0wsDvg97i9sO%2FcrzbL3KhOxxVL2iCGMg7DuzYl%2FSpKGVx2mxWHBnyiB8AylaRhVran%2FJJd3JoGnBskPQZmmKiu2E2yTdiVXow092L57ljxIcPNLmil5G1UJe8vx%2FShAdg0GJqbZsUHPO6JGxscYQTtR51B4uN8oPput45C1ZTXzLVVCQQW35W3Gx%2FQK8wdUnvnN2btr%2FzdNvlGqVCN6wBHaNKU5RBSVHSuTtkozO%2FxkjydsifgIlfdQSkJY7ATA2nq%2FQXDPwIhszWGsLgB
26.,林一长沙活动取消,20.1万,/l?e=6b71aA%2BMH50mZpmXcGQk8Tkx%2BSfBjt%2Fm4DUM37rm3%2Fny2kUGmQvu4TupOG%2Bb5wAFzbP40QF2VZBABzayNmBfY6t8BjofadUpo0yOuBi8j1r0RuC0zNAf0swGv%2F0brcUxY00CkjdTxJebm7Cs7lW%2FSVfxzz21TkHjN2HOug4zO7p07ar5IEZrnul8c2wD6u%2FqTMXZkBr6Fk8kNejOdBzKbdKVSVb2MaSZWJp8powfKJWGbcpLX5HC6BWNHyu%2F1McVUYgaB4CccckMZrJZgnaY6zgJueVQouzd7pz8
27.,郑思维回复樊振东祝你我都一樊风顺,19.6万,/l?e=7656w0rKi6n8p%2FqbC9%2Bv3ZFPN15QQzpBy7n50OCHrMYsvpmAsXz6kfufuodlgUV1nnETvr%2BUVVtwv%2BwCD9osS461UgbrcbjLyQUFwMFx6nBzkRKV3F1rnkdUbTIdL4n7Yh%2B8RN9tvni4H0K5RkV1uvv85kuHR3%2FXoa6FV6Juf1aLFM1o7KQNpy1ZvaaHj6yesdemYo%2B2lIeda2DVf9RvMizsyiQUGVcbZpcjd8dJJ6zpbXL5ijVZl5kHyV9Ca03I7bWT%2Fw8t%2FtBMOi4IcOKJquuQdF3GIDGejaU2wHDlg9Qh73TOfnkF9dJ2JxN2H5ryBTRm6YPRqu%2FHGN43nQsa7mndMv5GzA%2FnPkoZ7rRZKjdUBUodNQxHzE81JAfwPkeuuJ953LrVOfFmLhlmWqfAEey9gxED8%2FHfFyFsE6kMjDzT%2BRLmlPRcVPjpZDUMNQiwC0Y8
28.,安以轩老公被判处13年有期徒刑,19.3万,/l?e=f9f2aQiFeSY95pkdIkPIh5mbInj2j5HPtPiqNU5ljzT4hjOdcDg0j6vt5IcjXUe2mXP2AAcDS%2F9fAPuiZmwlLviVxl3%2FxVsHGmTyVA%2FoQfHLJD4rf7XlHBL2UEiwd32RvvkfE6iN9FEki4A03oBKv7BD1zLVNMkU0t3H1yIwhXng7nipTIJEF89vyWFmzXJ2VSZH4oieeh9h3dOcfB5qaVNuGli%2B7dunP6YhiE9HllJteUeGsM3ipFLsDOaOjtZtUo2U3N02Q1EPmbiP1ATrAgdnMPkmz6wDnrdnwtYXnmTgbWdgu7JKVBHmaCjiaD0tkUdrRxTHDOvQpAGbvtMhdGO6UUfqA%2BuGWtGrv4gqVIKpqSiA%2FlZaDGKIR93wVv4FB3eZTmD%2BRVE
29.,女子在中医诊所遭性侵医生被刑拘,18.8万,/l?e=381el93qyVFly8MDPw27kCupsagdBad9TF%2FZq4uUaSZnRk2QXb0PLUaLpH7k0tOFZNOP%2Fq5KYRpgdLH5IFys%2FG1vLtWyWOmK0F54DNBq34zCEhADD5tWbrkll4MuEQ%2BTsphZZkU%2BfUq8dmXm5kfhnvu6l3zcqHCyi4E3gPYQqFCeZNXVG1R92VVDTomgytGLfrjdBc%2BMPvL0exIKb4BxsvM%2FSyVvvQFFv2ssPNNmx1i0LigZXWdZRUrfhxOP2teGV94hJonNPIU40FQt2ld56dBUcGOibFyD8ypxLns0zfMZ8l2Tw0fjbSTl6qWlUx64RAiONPFbOpv6yl4UguVGl6BEJnQx3%2FsNLzfhyKO9ZLht%2BTF3i5ZdR3tG%2Fra3c3BCgzXf4zu%2BCTuMMuwvld4PWqp7y6PxmdocqxwvDzgYXvUPP6ec
30.,蛇年春晚官宣,晚会 175129,/l?e=5b181ZYR0ceAsRVy%2Bf9zG3uHczMsfpI4Gsmsx81ECBsENOE6koZ0tGPsX0O4LrUePbXJdwhuGwAY4ltRKBzMrr%2BQEVNTlHOOg4A1xPtSvHU2uXZbtbI9lqn4i40N0tBzwO1KZp52kcQ9QU5LGnVKKk4zuDDx%2FE%2FlQv5Awk1Es2VE7M2f2UqGR0VR47h6rL1xe0izruXB%2FGUYvXGW74lqqkJiGiefAz1srwwDxfqD%2BnLit1QVOZpaP6C7C6Tu
31.,郑思维说我在杭州等你,17.4万,/l?e=2645ClbskLk9WWe7PTfZkb9Lsg0pvyqWgAmPr7KP37zqEPZKMv9H0%2BGxxVX8MBpdfcmSxu41W3RZrC9PukNUk3Sdv6OSHmntjwGx0reQ5AN%2Fgi35tluh%2FSggTqXfuJ8rWJhteWqhoE%2BGqgYY7zYmYmwNc3ZG4pmi3tuC7QbROnoSA6LCv2GXuYhHvCWcbjLrtGsVxrbPIDW%2B0yx27odOax1L0mJixLRIgbA3zkoZEbpINzH0VHdQLO%2Bj5nhpGD579G7e%2BK5jvtrBkzj1%2FN4lfa8anE5we3q72jlbO1jbMsZxuUkslLRz%2BnD9XEEM46Vg%2BFz19%2BflXuEa
32.,王源头像P了个新帽子,17.3万,/l?e=f29fUCiHqbn4FpIIfi82kE%2FE6iboTaCNWULMFZogzYmn%2BA27YnCMu%2Fw8xK9TlS59duCqV5IrY3wrbQDsDI95Q2SIwKULtoWJjlsZanq%2B3zQD0sNDUS%2FuoVSu7okmoS9X4CmBEQhgUkbx1%2FZLQ5Eq3aeUYKr%2Be%2BkiundWm7avRsqk5FVjrm%2Fikgs9uZkF7%2FpRkBEvyeAN9m%2BoomF5XuJExugQYF%2F4d2gG6i9MMH%2FD5QXirR6LHlny7PjuRmnoBY647zyCniFJfZS40N%2FcM1U3B8ogh0aKC%2FVWEZJXVcYWO95oCOzr%2B%2FOVS4i5fg
33.,为什么刑侦剧多在东北拍,16.9万,/l?e=36385udlvWoUQzYcMMAfv2A5%2BTK5w%2FY8rvSO1ZudUoUjMG%2BH1kmLNS6Q8w%2Fp%2FYdLsqOt%2BafKQ3zvYgJq533RAIySBZxJyyC%2Fv3b8THADNgzH%2FmMxHZdog%2FvsWhYadkGj2QJIt6uvkSWyA2aBIBMyflCTbvYJX%2BTKei9ThmyPdBe5ctyjyUEhbxzNAQkedd8FOkG02a9bcx%2Fj4jB%2B8lhbYRzgBEqujsvDKnMrNJ29nbdpxrZJJFtsIZeA5Z%2FW22SRLKp9bk8%2Fx6A%2FFmvgS6jd9%2F6Ma8KycR8rbqezkOnFkdkW1Eb6Qz%2FhJM2tE%2FCG40AwF%2B7j61TnTLDk7lsxaktzhWMGPjsVsIWh
34.,iQOONeo10双芯战神,16.8万,/l?e=ca3fozp0rxebq3YDukwq7LBA6N5ddYX8RydChzlMVR%2B83bxK%2BalIY3iaFaZ%2F%2FDn7bey0ag9Kp3lvekvMyj8Z9%2FNLByMMcFvYKyT9horTNDkUlLaeHO%2BMb9kf3TRJfvT35rVXwxfC6C7csZKFs0rg6GWqXYSZW%2FFPSN4JyKFDiOrIrtKdMAU2fMvF2H48UKDBVBXMwWcp2I%2BrsdL68VYHLNNdRu3X5c7g
35.,辅警因为一次好奇9年后救了一条命,16.8万,/l?e=b382by%2BebOJ%2FNVY4eH0KihPQy004GVHKTRiUyVEtWLKtkSS8n7mfrxU8XViuXjQJkVL0AAOuYKdEFNJfMj3ObChw%2BnmUfq5RTXmXu0ursFFJJvwJW5sUl%2Fc24pp7IrGlSQFcvSx2SPJVr%2Bx18FoqXreDijyeSh%2FUZfFdEckV7wOvAMpifSVlcHZqfr0SXRNNzE7eTboxcSIdN%2Bm2gJlD%2F%2BDXQK76xfU0KIqYsHczoRszE1r5EGfsqK6UG2NAeu76FSPJ412AgvdSTFDdj4hMTcaL%2BnRImbnAbeHnqI5W7ay9x19ZNfOWDLyC40iG0iVaOIvMFe6pb5cLdfn97siS5bOWHM%2B4ws7xfkU26%2FrtDXtwULEH4INZxIiyYcWgZN2IU6u2%2BmzRGR6UG%2FuRugPRjvgiQ1Jq2VbeRXQJsjuoghN19NL%2F5w
36.,年轻人买的水果半数是情感商品,14.2万,/l?e=2388YNx4OoJzzz5SDEoCTMVi9SJuGr%2FiLSSAPaptUQa%2BbYS7a%2Fqpxj39M9DvuWj23SINjN%2FTmbmp91fMTPjvgLXhSyCr%2F1SIWIkyL1DpD2zdZn2Ar2YmPP0bnfZY0ebU6uZtdOaE5K5OedD9yLZCQJgblz83u%2B3gjabGgAV1kgtEYA7QOE5uBpFsCijQZHKSiVUkbcceVVQClOOwBHeVDsMLCo2dlP7AbDYhbWhcwsfjPMMilJX%2BosU7gtwqK3NBeTQkKmVp1TBIzThqP69yymeL0QC3kYYoI173x%2BJ9KxYj8iptZDtKElVjQ%2F5BuKjjZAGvh8ggtdR8becx8vWawHyRD9ZgKqIM3fcbH%2FSdQNql%2FXNgpmlGszTT05%2BssNT270hs2kijavIDFbSfRfFWAxNEpI2C
37.,周翊然周放一搭嫂弟二搭姑侄,14.2万,/l?e=0679WbnHjwtIveUE5l694F2lf4JBvNJakg09BFx15YDW28Y6jYA21QVlINvL8fuIPCVT63zbBJBxG0SxOaAwnQsVDDMMVvDuRUY0k7qHy%2BhQosfUNLvnOKizyFIxkvN6jHl%2B05mbwdkX1dzrgycENAgRAVeFty7OhlepVo0oNKq4eeTvlHMTsxAgvXrKxO%2BUW4rtAy%2BeMWbOIQcIRJ1zadQnLpG%2ByWJyQ4QBQKNwEJmI9dIYAoLuEbRRR3cuSTnA5Pw9R3e0gyIXSYBUeS%2FRTuFFap83smEPr8qZHJS%2FDWMJ3PVxkLL4QPhbAEIUOCYkrrBG9zoK%2BdK2w9GkRSzm5GMUhEuv1q1saMOwDxW9X8PkCGV%2BHVA2ZtVwUd6WHEFIqYmxr1y%2F
38.,优衣库客服已读不回,13.8万,/l?e=5a1fdbGGra0lXViYJqgBsQWUyzSXt0%2BfegsGWt%2FDkRXAnvTGigItY8EsOQ9okm%2B4oWJ0V1PRyyjcBuQQ6K%2BAuKWBrOo%2BGpGcGlOu%2BihTVFl2MHtijFn%2FZDy0UljOoFG8AcvDgsAT71Sf4eGnqjP1aj2zYFaEGDMcqdieK0qXlFqUEQ5F6t%2BsPg7uRV%2BlCn1tUQUQMvNd0482J3dQD3vBds65YX18GccdIF%2FsJ4ZWZQSvFNDESwwr8jkdhDxtZQ8DV%2BMGVk9ZN1ZME1KKgQeAfvwetMr6zy5oQIhYOfiOJsD18GYECFGCrRjC
39.,国产剧奇葩婆婆又出新款了,剧集 133301,/l?e=3d2fz0i074TR8qnUx6uqCcij35D9q0uR0AOBR2FwOIQK6%2B1nugfbqHlpxXTbnJjCaNBTJ1VyyYBwgiXQuRrEzhM3EJEPefIgJ14kWOG10wLmglIHKcc0wOhWENrE%2Fb2cfE7hYNl8AfoZMz20eG2XvGX1YAXp7v37QEIs%2FewLjKlbx1jdeZjA1TYptP9ZjHM21ifw4w3tNeu3zoRN%2Bdnl88GVX9uV%2FEAPgAMSHSni95R3HT81JVK2QdSuvPi4hEzUdbm6OG%2FGFYPs9gwiw%2BiE37VOpim0zT4Au4pEaSuyABOm%2B23wl8EQCboLWN97mvHzHDFBQcnMbf%2F5lwqhJI3yG52QwdAAM4vWw4zI0o4T2%2F%2FsMcG0WUkz
40.,丁禹兮看人深情是因为六百度近视,综艺 132684,/l?e=03cdeSgx7iHFmuZGZ%2FYKxxTKD2Ca10XUpde%2B4vxEPXgT29QVOaDNCcoHHwpbqBQH1G%2FhSVfkLeKW8NrGiGuSx5UhSY8OU4l5g8ljLzAEXA6vXXjRRbsdIiG%2FpGyYitgkiGoQd0fXXgo1%2BZvCHpkuwbcRkFIMDLYKiFi%2FXyFH%2FGlH2WQGVtcOArRBuRzpavTLFjP5wEUHuqJy4HUoDnSXlCYXRSKQIhh3JkE958cGi4zqaGKx%2FDg78lPXKxZ4shzFfoN2wMql%2B4CjBXpmZ9OqG4hTBcn%2BmhWPagqnSOdLWFw5RmHThAYRkgZFrqAp1HJPa6f0m7Ga3U12B2EoOG%2Bau%2FoyLK312Jr9gqszZHhST89pQ%2Bdm%2F1EIX8WlEY81doU0ouQzw0WvLmY7NNF46Ofkxzl6U1BttWwTKs0JPlUibMSO6c9e
41.,樊振东对郑思维说风正一帆悬,13.1万,/l?e=c32blViLp3xD7at86uaATMQwYFbRUYIliNw1ElOkAcPwGKx5e8WEP5OjN9vMELaPhEgWDcv62X506oA8hiZv6gsD0dhSFSw%2B56AtJbmgzSj16kDgabeftAr7WCQg8q%2BXM8ZccJKf2olIeesVdR8P%2BFPOsh20DrR8ca%2FT%2B27Dx2v6kT5fjBmjq6zU8bKXVtazLoOOOjtCFh6smEUlH2TdX6GtOieYhoB5Uo7H6Ldb6OiY0gRlRgz%2BAzzjpomhXDRw8fKxY31P0j7tJD2mtATIb5rhzXR1CljNOUi3ogYVpEo20FxzQ3ryQyDv9y87f8bceX7JKVTUc6j0Vdoyt%2FLJ45n01FJ%2BKfaXaSqr0ijiAZuZg5iLoOTjpwuDZ0yL3Nh6dQEiBJjx
42.,TES官宣Meiko离队,12.9万,/l?e=9275pLiWoTrwXDjVBCudxZyvq1wZWGh%2FLsfHOwHD8bj2N2Epi86SHJ7UTHb3gxtQ%2FJkFFQKKjLuoBmdBOJc%2FtswFSnhtLIXxl2wwh4im%2BGiiPhMgDUPVrACh1eUwYQfqRTO6IhwkWQVhU6Jpfkc9XF7RcHYP6gAVEKJi%2FneUlCYhAVv2jbtAqir8huxdEVYeR28Vtdd0xetf9D1RR7mWc0K%2FLNXOES8
43.,王楠女儿落选国乒少年集训队,12.7万,/l?e=3c37LB%2BLJGM7EneemoFf1mQBFiLUHwS3lQ1%2FVU4VCJARAuRajfb27KTUCkcIS0SklFH7vt9msyPHrhZYx4nJuZtaHoN4piY7rbSX4KUOrlrfh1ueMRt4vo%2FJPrP3rG25tuOa9Brrcf23V33rM8sNo%2BU9fxcUECkpVTkmqGHbzAsVjDFAH2v70ttt%2FNI8umQhLmmEcIUdKY2a0TnPKZSR8a%2FdvEw4A1tejC9Heitup2DnRoqLXMaNVKvyz7QWDDS%2BBtxF1TDzOgbcceYnbicdgNf5pOkUxVkibtiSmXgPKdW8ysjGy0PGDKw%2BVKbt7aOxyG10cGumd1Q911CaGDCSgJS61Zmj4YSxkbpakbS22GxvA8Wt2e5urE7ySTkgzW7D0GlONJ7T
44.,优衣库在华业绩下滑,12.6万,/l?e=4543G60niUvRtD18OjeZ4WyqMb5aHVd09VeLxE06Aoi7IGXG9RrvXfP2y8pOAm047k2SRvllrPPVjJ4uT9t%2FXc%2Fr6ShkvjpGIgsUARbzEhn9i2rCZ2L7FyLhK7M9LxdspsUWeuJrwSUh0Dnj07h2yI1Z5giKsNk4u7e7%2FqRvqoUGtavrAv3pCz063tvfXYBJzC5i9OGbp1B4G5XKZf5v2rEID0qKPfkfVw9mPtz%2BRql2O0EHL7qpOkcJoYZgoQaCd9pv0Nc%2Fp85UBS4pxuxMI5W%2FCmLPH1i73KFeCp22pj8mAQRJZPoe49Xa
45.,侵华日军日记曝光南京大屠杀新证,12.6万,/l?e=0393Ahh8uIrhqXXgO2Grn3Kez8JM98ZY2MUhZxbaySBoeXxaXahTWkXJWhw5fzQOrB7%2F9W11fCI%2F3k4%2FXXtuB9yUofjmvWKjo3fXV93hjAzm2bjXaUh70VRDBZPGqFQE5iRAZ8B6%2BiyM4qmbvYF9xiYrpKvYsRDrLWaH0ZV6hQ2fWUb0SVTv5fD5%2BW3v6o8wyICRBxvz5GbiwOgoxn%2BVoQYETs4DuVG9sw9JK5d90Y%2BG8cR%2FIBU85ikpp6HSRMlFRyzZ3CEc%2FqBaylQcGSgM4QZJoAxQaBTD1NvF9LxM0tKz6MCDUCUs4oeOlvloXdjsuTrXid6ItGW%2FT0iQKmbntehQuCKrhnD0Eq%2FtxtAK5sK%2BBcpkXbCSIBwmv3YBN7Yp8fiL%2FcuDbi73I3mpcbirRggZ3vUHdmtM2Q3G%2FD3shriEqYcD
46.,奥斯卡宁荣荣 新还珠格格,剧集 123615,/l?e=ab029vvDmZJ4zPwylRH%2FSYztcAL8HFe5eVFo4d%2F0sYza6NP9bqZs0H6HGeW9OXwCvm5fXc3cE3xRWOBXtCaEOqHNUX1YoqX3Xea%2FAAxWRQLy76nP87mxz%2BdwxkLL77trE1xoaFnJBRg5fmjBfci%2BYb0WENTyEDaQ2%2FBIXHD7qgxSt9pjw%2FF9Sq56WE0i0M8xZNFL8eMyeTl7Of9ND22S%2FYt7o1e%2BVFYu3IaYaPVuAHGqvjwoEnb1gLHLIFGnZ4pUHchSxJDeY8Ed8FQt%2F%2FCtwSXLYu92GQB3lJ1vVn8EqNFwHQvJCHjPeaeKRGPfDOzAaNveNCsy9LujGKpxZoBVtR2AD%2FWR7TIEASiY
47.,你家的筷子多久没换了,12.0万,/l?e=65ceKC%2BpqJ5k3Y5Q0JwXHmNJW0Rnr9EGNs8ZgHEXxdTxrM0zmQ4%2FdA4PwjW5wHSSGEyL0A90HfFDkMmFHc8Nebj4byIf5jTn05ry0YiFI8as8qQudP5W8Fju5r5VSQrlYvggfh10fI%2FRPiu4GGJh%2BVWi8VUiz4Y3vajWhs%2B9Y4OS9ZSFbRelJmxCA1hUhVxI1c1oPoyYy6a7mwXwy5CZ4cBWdIJVo2Xbss5U1ZnmEift1%2F0N4uiTAaxSxDDSHJPV60Py1pu5JCrkGtZPc4MIOeOU9fdGim7l0qlg4l8BwF%2BEgUNjiLAZwOE0WDFoXXNlucGPkktwleD%2B
48.,珠海户籍居民可一周去一次澳门,11.8万,/l?e=6f38uYoye0Lb%2FDf6R9XVsrGsLOCDPEkqdiXvJ%2BQjnz3iCn4s39bcg%2FovHjYXZvGjO%2BBrCwNniOvZBbcfUnAYBEcWwi1%2BuGk7LJDmIi71WnHNrtD%2Bt7wWuvsJPh4DrguiW695Ovd9FmRAt7CduYiEeIHuXlbD%2FAmgfRP3jd958SuvzIAqtd6Mveo5pZyFXSogHtPfxd2cW%2FOtKNouxjSccbNtaFpPkb%2B91h%2BNpjVehbSs4MP5n5J8e1HcLqeneWE6tzkN6diaoS3YZn9miR6Pgc7vt3gimOQUEmdeeeK8NuCTj6o06ggoyk1r1tPur4Hh6JyDn1qVSCL%2FQ4YL9%2FPju7%2FPtyRESUBnbjmJFZfBHjR76h0dwVvH9BONlIzilpMMeJhWJ16QRLlOZreawrcis1SwXsT%2F
49.,杨子黄圣依 人设,综艺 110717,/l?e=2e5aLdrhE56Nja3y2kSz%2B82w4S%2FV8hs4qdr9iBDoRs3SBa4%2Fom0MCkpadG54zu56oXEWqt4SRMlJDDWFO%2BuJGDxl%2Fs8D4sowNtPrv1fMkSp%2FoE42PduygSg7ttuspCkelGTTjK1vyw98g8dALeSILMjea7drz06%2BpNCJ4T6bvlR9dKjCNWK98m3K1mIWTG9tXIY%2BDtOD6VD%2BICI2S%2BhCFWen9SwQa2NNiIG9RAYttwJtQxDfPBD64nw%2FMkRJHItaRTDA%2FegXQMCypOHTi5l6
50.,澳网亚太区外卡赛,11.0万,/l?e=44a9JO2KqhILEidwgB9TN5PJlVyxmfK%2Bwd0Q388upIiLVeHH8mwj9m3LMr%2Fyc4qZuC7hP7iLv3aTQWQOpg7ijIIyWY6J0RQuL0M3xJ5OmY30Srfo2%2BWTA%2FPGwgQ87ZLtrnqDjPEaFqsOYCsrCnSQ6rdF3iIiiz2xta2liV8RHI9BmcwS1afN4j9SjE8QsFxCOSo2NvLCQCt6VsDeNKolELI7xi7LdQO8xurM1ek9Nbt2lhtwKgw0Aw7gCj75ybvl%2BjGh1Z3AerI82OX2jZHw%2B6Hs7epbtWtV7GkP
51.,儿媳控告公婆未经允许在客厅安监控,10.9万,/l?e=91a3mRln%2FVmM9LeaqWIJBIBZxL8jp5SGscvTUpq4yO4xTSbO8jMxLV5sxIorU6Ckzzj8m9sq4BY9CR8pJkGdIl3u1%2F7RwkX%2F1Cg7vW5m6zYPjvF%2BgmRdZ2X3K%2FkEEhwvOHbQSjDS2mnBlztwer1jK7gGGgOaA75D0yIXTLl9MxL%2BjXr2pklUEE%2B51kbKhrgf8LkmJ2e4f5%2B%2B%2FsuyXfLkdp4Cz6J8NpcfdbC3rGtwhkiSku2p30vO%2B%2F7r4x9Vtu9LCgKA%2Bj7%2BkIsJuED18DfNi6pPSVwTNYG6zBGpBt4XqEEc2%2Fijta66vANm%2B0PBBs2Y%2FBBhPD4nZ5M8ZelXWu3uOiLg4vowFWj8M8ATuiFnZM8Wy3ja%2BQOTIfacyUe28wA3KWnGwoqz%2FhNp0xy4HIkphA4Z7PktX0uSyu1OeOkK6VIWg9SgVfh4CeRlmOZQkvXTxchi
52.,侵华日军日记描述南京尸体如山,10.9万,/l?e=9ddbWUSj3SrLi3YXR1OJh30QZ1Fb2ybPC%2B91KAghP%2FJ%2B1Or%2FehorlZ%2BLX59Mk%2B2PDDHIWobRKapmEcBdexqEZgFHhzKK%2BN%2BJnYILBiz8LtGezC%2F%2BSDc20o34AvRBPX1RU5xUcmVQtWRIEyHfMyMdvvqoanoN%2BnFTJuMZ2jnNwkxqjwoEh8UhosBg9Z45P7RxJclGdPa8kvThVVnLCAGq9FLZ83SCk4CxXIVxF8a2CPMexwrneWbsOaqTamYo1JkeVfcSKNteQuUj0%2FgF6Ic8Qw%2B1fbWLwz%2Fu%2F48jnygM9ohnkr%2B4qAaZsgYVtXn%2B3CNnFjuwN79rhhebxubN0rBooT132BIF%2FaBFLhXADdpC2vue%2FdDyLXSWrzYyagb1af761t3j8%2FjAhgGi51XsiN%2BTDxHTZ129
2024-11-29,蛇年春晚看九命相柳,晚会 229738,/l?e=4364mCh0uJh%2F66jY8aoq37rKnwrG1jOLsIEHy7m3JnWamBBxBEVshHGyacawx7G0JiLfl05p4Hz1ykPg7DBY4MXfiStWX6zZ6TWb%2FIu2lUNjXEGPQ5P5Zy5t9Qd341MgTaRqk%2BD2CH0S6gJiL6pjYrDYc%2Fzl%2F77LYE0IfArVqW9Hx4PbaWc4CLBZ6Jm0zVrE2qLnKEOZTTeuczbAECEIuOq6GnYINDueRaieWYKOynFvA%2FdYekauKW6F9yTEXMtEWSMyoxB77U7AU1cYdx6ZwSvN3W2X%2FhSKZOrdwrc%2BrpwNs%2BdVDGCy93LO
2024-11-29,张婧仪眉骨阴影,22.3万,/l?e=fbb880LivVjaTcIKR5KmCHqkRNBXynqCfHcY5yD%2FhTuApjksjt2gSqj%2Fzd7mpABJPcdoQycC6ZRRfrGud%2BdjJo6VM0%2B%2FwFlH0KbMV7b0BdYVuur9aw1znE4uSi6mWiyPM8BXOLvm1JIH0AxZEaOJ3wLHEblcMsVq6E32h2idDMEwCGeBAaZu%2BkpabJvi4zkQlYRaTkEmSVeA8mTjN7Cq30sEVRtdXODRX4pCqVNNaQTc8snBCkRE7IXIPJquaeNxjR3isLcR9RL%2BniM%2F
2024-11-29,郑思维回复樊振东祝你我都一樊风顺,19.6万,/l?e=77510WNxUxPh0vzd6pvTEOaAPzk6ukeAGQysgHsx7lupj1yYgvyGRnMiC%2BCUcK0WwE2fUhO0styWY4qV0F5u1DZbtC12jWBkJC9LLN%2FWleTIh%2F6rzhiaJbrx8RqMa3LdIZmjFPvrvDrIUYg3liZQBueJDRK%2F1Bfr3osD16gvlF8Ui1mrNjLH1%2BYcAsyqrzcqq6asa7gwsvTdJAoRomDobUcEu6p%2B1IhPMpqyXeu6YKeZZpyGJFMUGoQSuPcaFPYqMfUwVv9FAP2UtrsSzSjE1sDIp71SlHMsfTwitGxuY30W9vRC5UZIOJVcvl%2F%2BNa3Jlm98DeBbnqGhTAR7vfwy4XMxCxqP9f31SrNjp6VzJYevCTldEOVq74Hdg8FyzLtMaw8K6DW5MVnz7yU144yyLM3QssGkne6zPrJBtEuWMRZ8L2%2Fmoq0RAHuyO7xFBB8xwqkn
2024-11-29,安以轩老公被判处13年有期徒刑,19.3万,/l?e=43feFmupYAT6f4tRT%2F%2BPIxEqvenr8bWF5zu%2BuO8Ssr8Hrizm%2FFYT8fK6MJnuA0beDrTT4eVS3BPMUabuzY%2FOnaWhxGNuogWbrljGayltdjpwo2ZarI3qgicb0nC2bubnFff79KTfLgnwbyyiKLBXrCdiPYZkjX2gHiFeuEmupsu%2B2LRY1vzCyL%2Brg%2FQECx7b7ub9CnYvT3UVReklmaHcSMtOmkbgeC9wgPPgCz6V%2FHguXak%2FJ3quTPXwCvNfpFvKM9mNy1tQMWfC%2F%2BbMORj%2BF%2BPQ3akfpYoilnWThMQjEptmTstpjPJy6TzhpbJQCAmoMql%2B2pHXGJzh4p6qkuf%2Bwq8dMXKXYwCFL4zOcfV%2BFrqv1DmAFbYyyvIe6tsQh29ieqm7dnNmJdY
2024-11-29,iQOONeo10双芯战神,16.8万,/l?e=c3d8pms0nfOOZF3m9AtbSa2iAh4UP1eu3j3fuCD%2BMBVlYwu%2FWCpiN8fHPpuNZ4f0k0blVY93j4dEpRtoORL31atLr%2BNQLYeUE2es5DQ65BAtkwjKBDAo89MW%2FTvzP6BSJLkvXl135tFqSOy8GRCfbukH0iLcQya0oXjffPGhAKoy%2FT7OoyOG6Li7hu3TLHYh5NfjNiTjb8SFL3cDTPSn38FLq9P5yOVN
2024-11-29,周翊然周放一搭嫂弟二搭姑侄,14.2万,/l?e=5829gBWZX7JmUF3A2qF7vxuUM5qL1cmOfQ%2B4d2xUyE3%2Fn2fYSGw8RVpeVfpulUBH1074LDalysEKId3hKNm6Dyw72mRN6eA791%2BS5fGh%2BTK%2FqCyOkioxkFM7qHyKhdHRCM4RdWe9AO9oIPISVb6sq%2F6sizLFn4rNSrXp3A34ByTbDE%2BgwozCvoNRt%2BOf5dAKtjB%2BApUu9YHmGg8jkRlFOlf5oeUEP4ZrzKeujSATy%2F6c%2B4Fq%2BvIYA89ZeXptNNHe3vVsLjeyvmFxF%2BjrpSoipJMOgJ7kwEpe80K27ryILGkejUilL06K7Ux1turF%2FCBB80nFkk7vhBwndMrb%2B%2B2IPg%2BlIQfoZa%2Fx9bAE3mvFtDNkkyVUsNNjdkW5zZUA7kR4mQ2qtndj
2024-11-29,优衣库客服已读不回,13.8万,/l?e=af48AIG9VSkt9LPWqfaAOGti1J%2BMMFoY%2F%2FdI0gJm%2BEKfNAVlrDHJvz8jpaoln6EN9Pse5y9fSkaD9vgZnGLy9Ps1258GyOr0mZ6G0JAAmh63Y6rc82%2FS4oTp%2F%2B5eDxP8676bzggrX0ZSWz%2Blwz%2FwZmEybT85H3f%2Bxny3cldn4RW5iiiF6VhP1aDm%2BNPD8Do3toAIlE%2FdmHBwJqrWevAreyZVML2uCZED8%2FQ5pGZwuOghsT9bZYnhinx6543x6FQ4LzvneLFWiMu96hIEubfhP8HwdQr%2B56VCV3wG2cu%2FxIUJ8VeZwgQuvWUc
2024-11-29,樊振东对郑思维说风正一帆悬,13.1万,/l?e=c40fhQFdO1Wp7f8mgJ4UduRmUeLocd4o%2B2w0rGkxL3KsjHdNS6TVi7tZ1EIDBBBBSVNROA%2FZpZWguGQ3LJeVIMt0ijeik00mFprk%2BVIjP7IwMYUpQgSiLwYoYXqjPd9y0tHDGgbjewQX6ikQ9ke0euYiczYzUto7l873Y5xeD1ayrXAqTFGtJn1Se65seL%2FhBdSoDalA8dfp5FAP7tVlr%2B5Il%2BXkz1Orrg%2B1mU0b9bkXSQapH8fiONCtWB0EPK1RFjP2ykMrqJgSPowOSLF4VIyYEcMD3q0HDKOl0ngUtXXNXe3b%2BqFyehgr5d4%2FWPs3AkG6mRqhH4xNzu7IUosX7LJR8mScQnOrEZUSTSCy1unI6xwc49LubPK53VGr3AjJilxYIP30
2024-11-29,优衣库在华业绩下滑,12.6万,/l?e=80f5N1otvkXLKqOcfA5qyUyD%2BpbAs%2BoVJuc%2FxVwehgWTnNJzo9%2FnkFbrz0FV6fJxGZt9uheH6fdjj2Icir%2BMAZy3JlBL%2Fbei3P9JwqdKN7RkK79IMiA%2FJ90tsXN6bQ5PkvaFSm8uyn5agPlvacDiBaJmOTrz4MfWbIH9ZYc5k0CgXV%2FxM5%2FzVe52uQ0cRcXgjhmEKGwa74rG0T2xRjQGbDHxcl%2BlJKgvl3MSExynnuKunynLXzoGahb5Y6hyWRGRn95wc1xkH73dY%2B%2FuPH7p8uzbEK9KRLIa2jz7zk4YfvXDrYHzNE2zSTfx
2024-11-29,2025杂志超全订阅攻略,,/l?e=0cb5oiY0SfE%2FJzTovCj2VZkn%2BcMD6uvbSJevDS8v3%2BD68o%2BSl143ZRpRRzX1eh1At00uDoiMsPo0fXNp6IRD90xmf1cMgzFnpveBvc%2FbzavI8lWcsegc%2FDzZDvUmlWxZUBsLkfIhu9IILMzI2HwI8%2BghEeVJHLfVg%2Bt4sx3ZUZikDBs0goGn35pwKurzuTgNhIu5QD%2FkcbMMrWN6t7TPAan4z10B0wWjsjZwDV9eFnB%2BFmuSNdZtOesHTV4yVS1YO6EcD2KdvhfdQ02es2ix67undWDMamwXEGK00%2BFfaw
2024-11-29,一年一度晒家大赛,,/l?e=620ctbwdqFYPhAR4Yb009BX3KsmwSQhOXXD5n%2BFD%2Fsk5dkR1aIbjObScNj68lXmVBkW%2FlHt4LWndoyou9LKOw50b2O8GbnJX5enS%2BpSQcmaBRZvd3GTjrBZ20kWs9MZFE8jTW2aW2meour5viyyV02PE1UuAq0lvH%2FsjREk3n%2B9UeqGxj82APThb4n9%2FIgWlqCJ27yIq76h43%2FqeQlC5OD3ReC46TfwvlrSiu0j%2B%2FAr7GDH8vjEjPmNgU8o5OjSJQFGaE%2FaXIxg1prS%2B1DhurTOd%2BfYk8tYqg8Wz
2024-11-29,A股三大指数11月收红,40.9万,/l?e=84a3%2Fx4%2Fla4UFMiMMqvGsYvmRyaUBWas8PVEnWBVwi6jPOzZRfp%2FZx%2BNhb3mUx2oHxdpfsF5c8TIkjc6aJqacgzIojtuk7XvNf2UxW4uMAihB6V%2FkYXg6WrumauElYpDA3MDLjRZLzuxoqntQ%2B91tBZsX4lQ8jkH0Qb9F0iwJEP2YQztMsZ7K0zX%2B%2BHqyOeeO%2Ba8L7yVbdufMfqrI3a%2BM5ocsicIFb5dUpRU6WAo5Xxg9E7rm4boLJpur77y%2F0gN2Wrk1hcUMN%2B1mzNnZk%2FEqJESphNfSkILpwsKQ3rs
2024-11-29,澳网亚太区外卡赛,11.0万,/l?e=49c8MfTavZOwsmhxg8yPnqUc36tMVnlwgAookEJe17IgFgG2tewBIx%2B%2FBHBt3W8ORWydAKWj3YUYhwGOlWzRVxOiw8pADUQJawm5bAust%2BpZCITKk%2B22mVOvZnUlGapUdhODO%2FUJl25VQpjCC6liobp8YliM9JsF%2Fhn6wY3qptysowyrYM0AVqRL0N%2BFEmfN2KOhEM0bnP3dgyJh5%2Fm6806bsd1zinyoAxeW60VLcPIgr%2BDPLPjKVr96V%2FEwM6yZQG5%2BdAekawe7y8zyilLLukS4OB7RscsTCyjG
2024-11-29,龚俊城市雨夜撑伞照,23.8万,/l?e=ee4dpfU9TaAMEifkBPxlvhs1lclJovYX64%2FPRDUkJ4o%2BRE2qBOQDbY%2Fdf25%2Bf4DZhB7EzU4C4W1p%2FRzop8RhlW%2B33F7MEv472HoaNN7i9Y%2BZ%2B04AZXJToSQ4Ml3uNhwdRh2ydSBmZZZ349m23coTJmMftq%2FOel%2BWjZOmi5zjys7mFEjfvAXTT5iRBWfHogRl%2BRTed%2FiRgdQcRFSAdwKuImpNiSYrReti%2Bijvtp2Q3VYHMfYBZCfSkvgV4nWxVDol0cl%2FJxvqVlT5R317ZXJUeiUZDwnd%2BfTIkBqujxBg%2Fd740xmqc7vKvv1B
2024-11-29,郑思维说我在杭州等你,17.4万,/l?e=0d7epR4cxZQvzRs2Hzain4iKifPkhrgU%2FGS34knFbvxOYoIbhOGYrQc7JXVTl6cxt%2FMPRVQ4zZDASewoGQMMSnMLCciaJs84%2BglcutoA8%2FbNDe41iolakpe8IDmi0OdnW36n8FGRUHLCNf0O0wfIsijKNjz0DNgs8QakX%2BNVdV0Fah%2F%2FolvJg1D1EZH9a%2FWWD4tzN6T%2BT32H6MBiEEk3QEN%2BTUIPIKMn7Gq772nU2C%2FTtclRGxVK%2B2n6lx1i1nX7MWdlOarKRY2LBCA2PHNawB0pm8BgCbG9sxO79p4oDr23pULmGQCJoOvkzH1YeFQQ5msjeYB2FBES
2024-11-29,林允滑雪妆,20.6万,/l?e=4727ybEJi0J95%2FUGErVmMaB86dGUdnd48cCrqUqTEPYPYB5vxvGoRMGEU2SV2EU606%2F4%2BnV2zTVBOXhmBF3eRsqlD7uONjUybgLwG78N3ccXBqmCUf7bLbZsDJieK268BRy9BnaPED9LJVc8%2F5ccpijIAb8YgDICC6HLjJdvrBtigZamMMd9S7xz%2FRlVM1IkYrJJhGVY3tAWuPdOdWcCG0eSEk4%2By06pt2D6qukY
2024-11-29,侵华日军日记曝光南京大屠杀新证,12.6万,/l?e=2114AOHHTekZPcWwyAdisi3JqOjo5lLdsGmgqA%2BYS8M0OTJJqMDDouRA7DJw0g0qCEmAzdIEdFvvzKV5rw4gySxeWTmDJwmEe0ZibKQhbHSQO9JPKhL38p0ERPlkSdFmxS5oltshyaSNikmmJwHM1oz06uhxWsvCoiohoNSCFmsBqpWrrscymaBMnB1eNfQv8phq%2BYtDFtlbUGV7JbNewpv8kDcgX6ZTCarncw7UkyTK59fbptsj1CTTAU3q4cOeBNWJfM3Oq8e4hbRIiDumOWpGL%2FgyU7CzVmxP7WkImq12TfIUtwY2iHPCfPjjYvJFg4xCvBdSsxDp%2F7yQ6dYPYd5u3AfkINZA7zgpo4fdhHe8CNpBxDkhzpDaRmgcV061kzGO2h%2BxNDgVn0FtrBoKD6N2%2FD2K1NfSDkXFxGe%2FNFyR2%2FNJ
2024-11-29,国产剧奇葩婆婆又出新款了,剧集 133301,/l?e=ea3c3wthx07QP05AhKNldEUKSg7%2BZRJTm0eZnkZDcVavh2dYeEEJSUa%2FDXlkiuAgo6az%2FQ3kcyvsnAoPXxNtKT5R8UTxl8diJnHMDa59raFbn9Prsgaq8e%2B0M0YR%2B%2FqNYfPkSM22%2FTWgxx9NIIMOcd5yE4GJd1Zy%2BF5C99nOEe2irQu4hchUhhEMTABxMS96Hj0qOl15gwjm7BRFxu4xDraES6J7%2BVLSz7jTj%2FJCTTpkmlntDDO0RKGacIjc1PEAMVHo8r331NhEEzK1oOM7mcuN8He3CoAB8HcJCZTbbrmz6rZQkQZEFoliF53168fp8mgEVqfvyP5DgosibrYDkQIVYoFCjsaPUV93ZngmHqOpUaf%2B7JCk
2024-11-29,为什么刑侦剧多在东北拍,16.9万,/l?e=c616SptwJt74YvuJnsr2qwxRQFLOO9hF%2B3LSHdWsn%2BUPRgkGmnlavDFawSOVKJyHN8%2FyaW6SJMhZOaoglJQPkI0DK8HGkELCXzYMFTUsSZtjPK6IJyvKQsXCARZH6xeJX8OOR2FMka047f3U7KWRTbERWXeFaxN03yYSkDvNd0czKxLl%2FY96Dn3n1jBwvRQyJOPTmhHKiMYviNXiKsmYFAOsmLM1SvvQcbLPv4K0kxiMmHEr%2FTy8nbgRSJIFVsNUu7%2FD98WZxHtpDmVCcZfgrO24UB5yYjCbypdQLKVq5LvxO1EPdlTo99yyonH3VfPh6SGD1TtJRagOjgsmPAI1YRbcd71AnBiE
2024-11-29,周密把周芯竹买话筒的钱转给她了,20.9万,/l?e=4a26XzGSrZ%2Br1qLfLFxXmw4kTamFrLxarbj4WPPiQHL4LUVZT4LXQdkM4HQNg2wXOY8PcsxFvy9dc4ToOCs13d6LlM8tRBWevYhBT9xgfcijoz8IW1OFraSkKaWTGFZ2o2t2wOYuOUEVa0ktrJSOArFTrJT0E4FFq1NfsIR1qvCkIDN95UOGuCwMiXUMbZodn0Wyr%2FzNUlb%2FNaFrfZJNT5ZNR9Kp10aRAwl9Bn8JXMJShmC6PFLWXAUpxv4rL8L3HVOHMlQNWF8tMEmoh1OS30DGneU0jm8Jrz23Kx83Y0CyTX8XEhAznCXSIGqExY4OMjUGrMoDgJVznUSE%2BAYdoZ2ZUEd77H3NAyekbZIbbXixhF5urqmgwWH4aVgjP3S5ME5e1Zr%2BvEb%2FokqL%2B9oQib7dD93KCGZbLL%2BidxUYmDbDkzlI
2024-11-29,贺峻霖一路繁花数箱子,综艺 132683,/l?e=c0b1bSejGK%2FD5NY107wtuEMpqnCXeJpMLZrCKqk1mwTLRVTC90eh2%2FptHNTzkzXBnuVCab6Y01bnM%2FQjeSy04wN4aTR7JzbYn7pUB5G3Ef8QgYkQL0t56togVy28AAkHcGZ4f28KIHWEUndYGsKk2qAbMARDOsDagEHZLeg1sv5tiacoyjxRrtrPrIQwtLKox58zE7SROlRs05sXtdQJ0O74OH6N4P1xn1akQ7735DeJZdn98Hyw2rMjlt%2FZega0f9QszxZ0S9kF8rB1J5PR08klnn6LvDG52vHRYbD1Xn8wOdOlPzjW4SD%2FB8UDpA%2BxXhQcn1HgEh6i
2024-11-29,女子在中医诊所遭性侵医生被刑拘,18.8万,/l?e=7bf4AshH%2FH8i0P3yb15WF7r%2B%2FUBcnp3n6Z9hRd3zt2bkFDSsuS5Bq52kiARkG%2FqTCIGoaCjZRJi%2FUeC6Nvv289xO0o8S%2FQl1%2F6E5rsPhRDTtPTXBlCvzriWdl1Cv4fE9lrra06GGGmRQhxlu4G2B6FUE7MnKof%2Bg%2FhdmavW36ZmYFlubWRvj%2BMR1qKhY5K8xMEYYbw3g4vbtq3K5tLnZOoDBAs7%2FatpSt%2Fmlk%2B4w5CUuilx%2FS0tGcbLEDUq1NMvRyg3xLYAAjFkAO7Fh5WCwCS7K2ZOw1YMQ9hxBV4v5bdA2BNDEGo08F5DMZuMpSSSQfto%2F8Hhg44JMq02%2FeE5wJiThylUtKXN0vbqyTw9PbEqCbDklKTemDe7dFHoT1QdIIAiHqVBcJ8GbooitcbMlLvJnbmyIP55KoRyaZ6dGoj0pUqoO
2024-11-29,印政府还在用被封杀4年的中国APP,41.4万,/l?e=7f14BNtBmtopZvwsArAu6WajD9dRhK7x031%2FgzDT%2FMp9bCnfq8yUL8HqxhiWHkC5NE9MnJFHPQo9PDJc9lOPw1A2grMR%2FlbqAa6hKtZd4Rnx3QaZR1qEkagzczZMTSoymhcEbV3oRCk2JIF%2Bstd%2BpXgug3FvJBk6jbpbDbUxyDNG4ls0qSwl6UTC3QY2CbKl%2BGJh3tFQdeu3TqeayX4QrUcHJfgz%2BqU5KqiZ2tAJZYRnDnwbo5%2FPbQo4NyutCQ%2BdkDuNYULaPhZyvqt9VgZ09GmuHNiR8nH7QjU3oX5to4hmDxS9W7RiBIRrzK%2BTgoH%2BGeU2pOHXD76B2KPah8Z92Wdhc2yP8nAdhHccBP6%2FW1iG9G4LfYPjb8xqgs3mUesIJL%2BSRW7xGv4ASQ
2024-11-29,韩安冉称do脸模板是赵露思,76.2万,/l?e=4de01KJrrPV%2BLCzEWpxn6yXMUQObi6gQSTM99iOK%2BcHE7oGxJ7ZNKZdrB3lcH8MY%2FIYYWgYP2KD%2FP46quPSp%2FudYwvjRkwL0KQ5acbEEawXyXUN6DoX9GfvR6L0umZ3XVdZSaj9f%2B8ANxIw4FFMQBYKp%2B1ILq6PG2uDy5x9RG5GFKyerVPILmvCs6bS79NEX%2BGZp1IS3d%2F8N0%2FCs8LaWyVe4ccsTlGcIDTfmG6fPMZnqP7UgA5oT4EP5QZeIjLIQLoDFayD54sMNcLZfo8GMSX4urn1cJmST89e17u5Cam8%2B4WlKmm3yuGdXB%2BEXc%2FnpcTmjzGKxRSR5Uzzk9eW9S1HtQcfwcdOFgE0
2024-11-29,王曼昱助力亚冬会,28.0万,/l?e=fac1VAMmY3d5jpDF%2BZ0Av26aAzd1vsBEkHvAvhimLVIoVi975msbxV6Muz8SGwnSglTm5MFtkkrzyKi%2FPVFQUuir0FlmGoQFz02ZhtP4w4vMI8gqbUv61aen2KOi6xM2qxw2Ebvw3RQcfSzhYNjBhUF%2BrXuGrV0Z4pWNiNgO96Z9hdKp6frga6aV7hdrNdqFXnIiL9yeyjUCjF0ZWJIQaZ%2Fv33TMlTAby9%2Fz%2BQijj%2BB5BClbtTKbAilMFs2PLG1d8t%2BCcu%2Bklz%2BLCXggSzRGDPDpWlJEKblI7gOm
2024-11-29,小鬼拍到本智性恋心趴上了,29.7万,/l?e=c88eK9oGzFVDjJMbuJ22IXyO732DisNfpy86fo4eVVsaYf%2Blwa7VaRJnXqxs9rKNVF4DwJnEYXhVFXEb4cfyplde6dyNca6W6MLHOC2jnwIDuOt5BxobdH73clX9jWd0cU8YuoVib5dLHFAqQ6Tb9IUn9vkIlNLNA5qtpb2ImEstckUfeVir8sVRAc2Q%2FtTIaOGqH1izyh0Yf2jfQJCU8kjy%2FcVY60f%2Fwfhjp2nTY4jdSnCq8wB%2BTslquDIL3Ps1R1IbH8ACIkHemg9EkhH1dafKGetYWSUkqKHMIDfSLYh5pV4%2BzS73mTtcWF1nKJC8Bb8W%2BEmMAkhlahVOodOQnSG%2Fr38KGgR%2FMneRJ29e4jS%2BmSSbMJn5
2024-11-29,外交部回应优衣库不用新疆棉,299.0万,/l?e=6f68lfAmK4sugSgwWH9wiEHOu6NM9lIrLGqxoZR28gI1R6skL8xSo8WN44rvPuQnruNnATIMG0DQw7zZZXcDGzQPd8iyrdl%2BE6MnNZ1dNBwmKYbHmqG8qLW1YjZCg6Z5FrJQ61ouJBXZ3KR4zQFU3JSWIYxF%2B1A1a4EPUBWaTKl%2F%2F8IhjMRCwO%2BEt3f5mQyj0uv8mXvcsRe3voY7l%2BQCSzP%2FTM1e21SwXmiKd74kg0wYftK81QUEbib3Nu4%2FxS3rd8TAuyBB5%2BhiwfBgCD4TcMOwGNx19CZ6qF8BgQKFjWGSMO%2FgBEtaiDFpPAD1vEl64ZeTSGovG9jTJujC5rC6tJXCJef5bDNjcWZrRTdkyq6tPFsKp0OGQDtn3EgviKB1KlhIaiRx
2024-11-29,李昊 活在我MP3里的歌手,11.8万,/l?e=f36a5jNJOcH5SNsTdOoDuIxxaY2tiXxQz3bkCwlyLquXBDfYrSMjuM4b%2F0HcG6%2F2%2FO7WSenNZy9k1ajXGvLPE7M59JTZBYsnRyZxdqeC4c2%2FdEl2PooliinG7mY1cbPxe3RSVF9oSYVGY4%2BeI32h6G9oict4MGjtf6NkbAQ%2Fw9MgRwiAy1LzxWXlEnkQHB3M4PRgmKjT6NxyRoZRqEx2BdaNw%2F9jdfNSyHtnVdjQT5gz4IvOg6bAeeoQRx03zKPxztVXGWqUF06jLvCUqhtscsBj7620TY%2FPGYgFDo9a7Ef12rVfUqc%2B0b%2BPjj1Dg%2F7u
2024-11-29,导致胃癌的6个高危因素,33.2万,/l?e=7ed4EGank73%2B8occTaEc%2BFbyNkRq5A36ti01M2OK%2BoZv55X0ka%2F8PmwzXVj5eHwuZrSHj9bXc4THKxMLamr1V2n7v5ko4TsCjE9QWy7hakYp6ZXSilDQ8YmSdgu4E1ald5k3GjQG7x%2B21s0Or2d2a77Z71mtWHjRsBx%2BGllRpRWCkzPPGqp4U%2FFNuWLmuAO6LOxsFWkmubkbw%2BnEZpxhBZ3DdGBG6jgjL17MG5oJ4BWsFwyLE7M2xIyWpRjN3au11saE6UWkmYJYrg8erDSyA6RJqxTxLSj2KtcVCukBnk8pkp2B1XKduVj7DUMPNHZN11ZBRavMw7W31A
2024-11-29,扎根中国大地赓续中华文脉厚植学术根基,,/l?e=41b19jMY46Cx0OYgzrlZm%2FkK0ID2RCDik0cMqpTH8nYpHpcRvVi8ydzW8ZMhQLhERBC63vrjUdzChkAeSRei4A62x3CCeFK7gbFHd7bgzcqvy7w5H93siu73mjkEuNpFnPqh%2F%2Fzhp9ButXIh934NmK8i6zg%2F%2FQnCvFKqi7xoZU0oEI%2F4szHiwY2uCVl2qGDu1I6mmUh1qRdilgj07PLwcgBIhfr1oQiQpU2ZrQLNv%2BBCU35wxMJbzBUYrP3tDSx8uJGRAd5xqdf2lu7vM%2BAFJyejs%2FEytXY2KShLUhIVibTXkbqDFWTgPJDdSUfa4RdfdZeKvsigbyo%2FOu66aLX%2F%2FM51A6b7nsfyHLqWgmpI%2BYrWnhtoRtjIJEQ8mgVrAdXH%2FCgXFcxmf4vetUDDczELqCwRaUb98rpiaSjQ2XizXhbWUgas7ikeGr%2BdbRGJXfM6QP51bqAOjINYLyRYypRbU7zt%2FLE1%2FtA1rJVYm%2FDJt3Sw
2024-11-29,猎捕野猪为什么这么难,177.7万阅读 | @新京报,/l?e=e606ymqN6NYtc1WZi156nBMDvEnCXwRYDJ1zvJYS39O7Sqx7%2FtRfF6MWgvjln1wTB4r08h9yHJpnmP5xUN1Y9ePGVtyYK3LP6mX3bhz%2Fl4RnfQFOzCPzg1ETvKyAN9lSLXcMPxferTIu7JKcglvf0uPDEn6M%2FXwXK7KEX2zX%2Bh32rE5LD4KtHcqmvTYIIl1vV%2BUHfTABFMt4SOBBPyYgRsRfHK9R%2BCj6A2pSpRxnSkIailA02nYt0ZQAoiXcrnToc%2BJfPJ4TBzScE%2F7WQCaKERKKxBnSyBlXxzleKnJ5YDVhDeTd5Dt2DOTzoFwmofojEU9%2FVhUePn2V
2024-11-29,人民网评白夜破晓,31.4万,/l?e=8452ACMk4wt8TLj9oRG1biEt7oXEzc5JHvy6DJddN2swDzDJjxpYYm1gvM9MPDwB2Rsfl0dnwpYQtvtPQGdQPPG4tkkRESursaKTPMWQbsNmXy3wjOo5AirfHaE7YsdWRg0ZjgPC%2F%2BugAmuf2UhxMqZ%2BR2Gx0F2cOn16JyFXEYPYLnq0WOQ%2Fu%2B3rBIGcUWa6TYXZj41NqXAsWMNr9B%2BW%2B1yedIPlVNy7q6oM6wv0I42aO%2BcZMzVKrp%2BRNpH1T1cMnXL7rjzjHchnEKZYV2%2F3Y3Y5w%2B4QeR%2BbH1Gw
2024-11-29,春晚官博回复檀健次春晚相关,晚会 888700,/l?e=1ec6M1XETSVNZDd9016Qe%2Bg2c%2Fj8BCpinOdZgMwSF81JnE%2FEtNcguG3USwOtKdDywUPsRfUNqHUQefM2faXZcQf5ooZZ0NBF36tZXfrsxX8T4i98YBUjJ%2BYBQ7yFzGDyLbUm18%2F0nZvr8X9dl3OcyGqlHxCF2l%2FAX909jZN2S9a3W0%2BmhweqUPBqvHW4c94lkRAvzYKQqrclIUSunrkBBApC36NFlJmZDhfcTQG%2FRUznDmM7%2FUXEvvk%2F%2FqA3Og6%2FDB25wP0rG%2FiZZ4b0cDqfzDjs5EIX5nLbcJ09Y7ooCCiTzsqSTLZoTOKdPpiQNE3xumaFIQASgctIlmAlsmxBtFvB7Vr9crSKBixenwhCH43geOO2rVYtHnXYYzXCV6YOrqEXN35U
2024-11-29,悬疑片的反转应该这么拍,24.3万,/l?e=938aSKiQ2Hi4eZEFYnCKVvbnmX2fyMGSiyE%2B3NB%2Ft86aPur5IYWG44wb%2FkrjhFTPf4ei4ooY4KYGOdnitjx2w9cmjq7GwKx%2FJIkc7Dx7c4yqabFJKpTKM9iHrUjaiZoC925hDHwKV9BVoDzodDPL1ebLoR9kRjpMbBfQPgn9P7yoO0x4CJvttteaMrKTySxz0OLLWAxZhERlA7kd6rR4CXJdNT5dCsvIO%2BnXDoZSD5N6kzZ16SggdCGt1MiteCfRrGZd4kM8Jy8rTMyLfZrswS4rNGAjiCTOmOAoFVShn3FEY0OxoyDMQybOpGCvCzG9qc9PEzhuBJz%2BeQ763ycCiOGKpjXgvyA2
2024-11-29,Baolan晒传奇杯四强队长合照,21.8万,/l?e=5864rLM8EiJkOM6pdi8z%2B%2BMcLd2FQuawEvxr5TCV%2B4VopcoDxSLcl0NpkrfP9mzPk9cq3SvLn1ZO10bByIXe8jlvQNG273fi%2FLuyv6V6Cwdo3yoHnyjcJ2l%2BoTrK%2F9x%2BkIOjf34GINFSLPMD%2FyKnpWVbgc3Q%2FK9kvgny9ArMFPz5h2yM65hFqtBTt1SkzCyp8yzKzFF39KNu8AKMQ3C1qyLtVtHx0edWjexd9QxtIhJBAa%2FLoBz%2B44wZ1NQgMzoTDmkFf4u8FXhx5iKLp1g1TmsHsPP6qCikUar0ZRorG%2BOzUPeDNO5BpNgy%2FFNbMmAFRSogArUZ6S66TLEn6tFL
2024-11-29,小鬼王琳凯风尚志十一月music刊封面,13.5万,/l?e=7bd0JQi7aYpHxBlxU5GE06lksGLRxi%2BPVfRH165OQ6O6OsF3ru7VI2V5LO76nCsXrhoNGLNE3PNUlL7nOggF5Cl%2BaG8oWTSVeo%2FKFN4ioc9OEldAmxRlTo9gwXtg5pTcMg2zH0OV0gJ%2Bp7AaH7bzSEnc9Bb9%2FcCYpUvy1wH5WCsAA5b%2BJDYGy1j0V%2BU3yg6cpumTwWhxoyuaESJSolRD57DLvlQJYzM4oZd6795aUeBufI43xnzesmUvcIIbM43KP9eFQoA9PT7%2Bi%2FWOh8%2FfWevoni%2B56m9oiMmOREAFihettN2LtQqYjMazqjHfRVC2Yc6VWLNG2A15WapPjdiGKt7qn%2BLnwNfJClXXo3RiQKk0%2BXCaRzUfFGdC67vbDtiIl0ZfXNG61vw%2FmbYf4UWX2PQg9E5jqvUA6to
2024-11-29,金玟庭演唱玉氏夫人传OST,16.6万,/l?e=d3b4meotJDzF8ZQTn2CmiRb22xOu4dWVssoEzbfa80GOwvssPIS1HDjYEGL0xvdqND1xtGuuoQhOi%2BQydTWDFflXBycab7w9VvhfGouF9ck5jezkehX3EdK0YpXIZVS3IBkjHJWkk80Ww7%2FsBnGH81NOstIRK1CkVcz2OkgfnoDRtgYyML4DK27%2Flolrcwa%2F%2FsO%2BDB7UD%2FZYpUGlOIgy%2BdfL6rsDRpH9WkSJPQkQX%2BNZgqp4tu93Gjmtjxl69Ud8P5XlG7bVxp0%2BPphPrHRH9u7SuDVGccqb6D3wYBYdcP3jwaLo2efBCQ0i6EirlO78gMkPL5RLESr2EUiq
2024-11-29,打游戏一直稳是什么体验,22.1万,/l?e=a712DflItTZI1PNkv%2BfcYT1PJOENnxf3tLUfByPNdAPGulSRhhfb%2BxoJCf0eX7uvv%2FhWuIYi%2BTJnSpj%2FEaoffRfdtbO5KgLBhRbuJnk94CSIzp%2BX6x%2FutYEqat6bWIxVKhMPJ6aGUQAQJANtvrrqY7drHQVTi1WgFHkK33xyyHiYMQcI7rROnHkf04tjBKTWlrxMHmk32oAQ3tBKOEY5MpR9a8QfYJ0QF410%2FSCApCkgAThyE7MzDWfhgcct17yFsrVFBHENGIOxNQCf%2BoWTQbqFwbvwT8J9Pl9tkdCDGITh5rwC8fj%2FE05tHyvszTbq1aJ1cDakK1fLNp6C9KpMxcZF6o%2BI7tzd
2024-11-29,儿媳控告公婆未经允许在客厅安监控,10.9万,/l?e=3d8cVIlD8WBpW3N0BEdAOxxrdw%2B3WNNuUeH03zilQ9lsPSNMW8XkqKUgfupW2jw6KiCi5A2D87Y0dfIPA7DVRJIwyfHA2Vk3gHQgz4W01Y3DmwqtRXUwTYSuVc4yJL99AsASfPTgTXu8N3sJvesSqtr1qEN5TJs%2FFznHNgCZnWarWPPZP0lhNhEvaZ%2B3NySUPRWgPmE5XneRrul3nqEeno7YAewlGFKvU5KfSJ85GxJI8VxPj940ul5GiviAvELs%2FHgHoNJRJLOGWvHGVa%2FvRO22tu64UHu14dIT5NnQc0RfbTcwk3NVfFCWphRWBJ99DBBqzW6b%2BDsTR7t9Hzz2WlahEUGermJZ%2B%2BR7h5SbatFLN4r33LwE%2BW6UzI%2BPDwNBTPt5aEEFHVKgc7P4eopSMdb4OP0nxcVUhNpoJ1sH3kZDMUQshwSYzJKk4rB62l9Pd27M
2024-11-29,蛇年春晚标识有什么寓意,综艺 411590,/l?e=5af7%2BMI%2BlshaAenpVONXfR6bXXh9xFnNKkXSaIEqxsi5J%2FovGwNAdTrutfvjV%2FWEIYgkk1FAEDj%2Fmhg6j7lOpp1DwFtgMK8pSqZXvd%2BuI4UPVXXy%2FIUR9zdA%2F3ZgMCcUV3HVy1zOcb8OHSmZIW3%2B2qBgWjzv8jAAZRBCgzyAJOE1CmEKhpflYO4pyJVifTjwZbhm9lkIIXu4zJ8XSX6rTyoC3I%2BUmcyJuDGbJjMoGzPMQII4ulleOuhQXPCS8bXI1j6qU741tYR%2BqTdN3NiLppQloO9%2F0lucWyuKjl%2FlN9vB3Ox8lS%2FM3ZDzx7N3OvIXdvnvKWgc9mVNTmiYpQG2nvGM6yvhk0w%2F
2024-11-29,贺峻霖求旅行攻略,综艺 207666,/l?e=63a6Dd8sdB96Wquyf1Q0f2lh9G8AwahXPP5F824hMmLjKmxs9nzWVDEMzHE0fKO30iZnKHn%2BV5fnjCohe7PvRc5xXGrVvxCfkJmzCmD5RJ88TRsitW7Y565R7b5pu9coRwkkqmcMDglxmwPSrSUIcHv%2FAbhlAQ4lPNcJyT5monUpZgGpS35WIOSyhYnJrslOuqfHmPrbatFnhgR5qVU2od%2BdcbDTcsKmatYTa0HFOAb48l87xZJQTMPKjVrlK8t1ZEbkPUcQThEezvweDtrLSc1%2FvxBcqxxunVuP
2024-11-29,一降温就流感的体质怎么破,23.5万,/l?e=1525vyTxJVgGXshQI8dc8%2BiLP%2F1Jut%2BvSAJsi4QNZyCy07akz%2BZFvUV7yoan3hbgwyBCsoqw43CJNgiLRGGb801IeO6d8vZAwoBnq9MFJZIkTTzLMyxQ4Z6O42nWKmZUsNlpMHuVtvKeKArFHeuSY%2B7VptyBnt5%2F9w%2B702zTIAUFlWHpA2WvG9ZhdDBWPf4tb%2B%2B1KFr9PUMVddjTiMJi1mKX3yF5aONN%2FYD5o%2FWpOP7U6xMfl%2FEXEVXoScYcy%2F%2BQrP8ljRqGL8NunPYBjWW%2BezaAXLoDLvVS6GkCPgJr9rxhj1bsMUm3NwY%2Fk99RpQAwifjLsJRaFN9er3Hq%2Bn3QrUltUHmUQp241xE7T4HZMTBtNmalFg29
2024-11-29,黑西装是杨洋的统治区,13.8万,/l?e=1932AbU1UU9jgwqC6YsauaWaxRlfBSuCL1ZDmAQ0GpD52wXF1rHLbfE4J3i0UyAdHDo9yC4afujFISoHALuGoOJs%2FF84iPL66OfKwGae%2BPWKg655xrk7zaINsnnDpUVCuDSiwqTDv3QWTm3zl%2FJ1I26nO%2B%2BLKCZ5otqGuh8y%2B367zmt9psZ8vhZTKAJsGm5a6IljycyOTyLTESH7wnfpV%2FI7%2B1Lp6fWYDu5Iwq4d61moJ6Lxovh5bTt4tzdHop%2FzBO8hdb5lC4JB7Aw0k6IlDSMZ2%2B9FbSBR82tka2J36hMg%2BbqdpYYu9NmxFCsEX32kuEIv3n46sb3x
2024-11-29,郑思维拥有7个世界冠军头衔,16.2万,/l?e=9973xfwiyOXnwblxMRzgsO%2FF4rYJ2aHGwGWZKmB3Tx7K8sELSzo5jVWQGV%2B35%2Bncdo2L1aNmr919AxoC2eCQ14RstIVV%2F5LrTP1NXGSq01WMoJcA9jDEGyGPMVWUsOWSPOy5j5EjOjA%2BhjwTgEn9Z016iatIqBItzJGtOi9K85XzMKfCjqSFKmG6d4pfzrnd5A5cpVMv2Tp3DjdjdstYALZH3fdhglKr3pzc2SVUmID8%2BXb%2BPQKYvnnUxvvYDZkW5WpPl270xYO%2FQZaHVj2%2FquZmSpETHgqk0S9jT1D0ftZpcfNJ%2F76qFS%2Fcjl1EhOUA6Gr0VLuw%2BPT%2BMGstoFXHKMiQOn8Kuowcc%2B11CBDbKpy5m2ZPwYkJWA
2024-11-29,中俄第9次联合空中战略巡航,12.2万,/l?e=afa21t81iNs%2BvSp20j%2BOZ0vo967JqZDJK9yBF3eeCtg%2FUQ5T8nlKbdmeeLHf3YaCrSIo0Cg5J31H%2BFe0hCSE0fP%2FxdzvruS9pB7n0mNCSrJl9MZ9Gk2KlXi8giu18CtvfyKn8zyJ1ItkWj9GCjLsqIXQlxEPpcjS5aX3pLEOY4dJh04nOWAKaeBaZJbPEFkwebK6TY%2BDS1lHe9nI7l6noS3FFpfuIW7A6bN%2FMdO5w7E18IrR9rtcJf4kMI%2FClBhb%2BHtmIbBOz59WarHKhX%2B5kZmziAuDTyH88N0L1KBJw54bwTblN9dRxTxn4kD2s4x2Uf62dDk8FMxjz5%2FpxfdrwZ%2FaUr2pwv0zT2jFRFDiderJ2cj3U2alyA
2024-11-29,王勉 现在是个综艺咖,综艺 111890,/l?e=371ezOhVSnxK%2FAgYLEPw6G2BGs2oDgYpJ9mKrm8se15qu0XjZrE4eBdcBf4DMTbu3kJdmw4DikeTRLFIzS9TTS%2B7IPb%2FGh7tTVJuWmEyCBIJcQUQlSOKQ5MVtpAAVRCxbnKii%2FYcWXYEZoMAQhgKPX8GmepvmCizOWuH%2FQ3FoL1FjEurfcv53yicSCdH%2BxsuWEyWscCYgi2OpTvctxaRDleGgDgh%2BaEnEPn6qRQhb2haXOvWBo0cKMvY44Zw3abK60%2B7m7xqyw6zzWDW95DH9bH7d2vuW9z%2FZdOvgYDVbrA8WFmY712QN4RnhZHw
2024-11-29,官方公布冷藏车厢内8人窒息死亡详情,23.2万,/l?e=b1feqSW2kTRF0sK830zmYgiagGJ7q6IS4wV%2F7jssqGgQvrHGjiQDMbjIxuanQo2%2F%2Be3WCtAeiwa%2B%2BESZbaa9xH6pAn1WjQDFO5vU1NPBtbrdxaPTqkznUwIJA0MzeU07wLtjjhPcUz67OlcHaBnB%2FZwnNW0wbcSPAgrrufrJnNlwIJ8sy04blC8NPeATqlRiwdeVCb95DCnngOUB5UXwhfreg5rTL7bXpAPgXGQ81NVFBlJPd%2FKl7uPKnKAiwe1DTjUn0DwOxMw51Mxse7bjgLMw3kCOKREQk1MG9WAkjczogV1E%2BqrBhY6FTeOEKhBrz5C7oKjeGPCFVSbbObSLkUH4n335ngyO%2BEjXhN70IadrR63%2BgG8qdwRWKxSQxleRzqWWhq1F67Sm0DEZyrCVU%2BlaQnVd3WWKpm5Lg0nPTYpuhQZziNWUZPYTFlcoQKLZ%2FuX%2BjQ
2024-11-29,欢迎进入中女造饼时代,12.6万,/l?e=1511QFDrNRn588c3Qu%2BqKMKMIgGH0iTO1sg3XYDBVJTKvIC4AUuas0vZr1tB6rTVL72aVhvzZx2fQ4cKixAXBpNhMBoW5b0ev9KVV%2BgLR1Ajnl5k9TGQq4xLQa%2B2mmUUndylsQWnderIrUJL0eRvXaVsz7uZdpoGnBHGbIz9eq8gvkBvB1QhMSQ7%2F8HCxqSVLYVeisRDgYxxhbRXDFeYXV2j5KtXT6Gcj0lHUpPZC%2FSeOAKfNvxRhZxbCVfxgdYozmYYjejqZKT6SFrgjxuBj3w4TSIJgaeK6d7PcUQ5uGOi6gYdNGJxJsclwkNqQIhr6EmA1CYnydsS
2024-11-29,中国游客在马尔代夫潜水遭鲨鱼咬头,21.5万,/l?e=fbf1Ri2603ChbYjx1wUSi%2FptkGE7%2B5XrDIbhQNIwE%2FLZUEGhjRMMsQ9aZ7RvEKBmD%2BXEJwGuHdUlOPPVXqaYdWeImXf73bsggJBJy4BtVAgmSlmja%2BrrJKM3Y3iI%2FDNo%2FYuGMdVSBRSW%2BNHvM9PLAP1TtkIvmQzpYB73RsbCvIbfTPfW1biCQQuPWcN3Z9M9jt9gE2JgCCa5ejrx7W%2FLAOMoF%2BcO1QtUrYJQsS1Q3CJq2FC51%2BiqQVrveD7Bgjpgh1nyqEgJY59eLoJ2FFWPsySJ4k10iXznms%2Fjf8O%2BNebATot3jfenT838LKmjds9NnDu3f8%2Fpe6vzg8DfQaxDLs3IxRVAI%2Buz55z8TSteGBQ2T7Rmaf9N2LLx8sQaB7vRajz1NXGzEJqgcHv6ubUbQu9OT8Sui%2FB6l73cVdPFkLe4wNdNPQXlzsKNbe0siMsCPIOV
2024-11-29,侵华日军日记描述南京尸体如山,10.9万,/l?e=d919QMAkF4DheV93Z99qun09vQ9rWY6Krlngw7CHdhALqVZwyzXashTkiBxSqbAc0u1LwCqZhI8LgdPwzf9U6f6%2FnNmlY0SDd3wqwtjuSEAQbhMDU8TDUf%2FF5TdiqXVHd%2Bl8x6Y9oHl3FcGD2EBKIiNEHosFSegOa9l58nzEvJBiznCDIVEw%2BNzWi28hyKlXx%2FE%2BvMjtAy51SMzjvUCcqHd%2B77%2BNYdALfN7RUb8K3eEcB99g77APdSviTaGdjbAeJ5VXElEfc35q6xrNyPBWoP5gwgYvAgrm2z34rxkkBSkMgxMi7VrVbIBSLQmAwSC%2BfZkVZV4Ne3Sz4Yi2LIkJPV01H42GkQgma53eZ6Vp0YL7mcXut43TEHPfd%2FtmNMuytMEaFAtp5kwH7ARNMiskgCQZyoF6
2024-11-29,古巨基钻石败犬live首秀,演出 134988,/l?e=8f00ZqAShB83TSlQr1O%2BIIrKbYmWVQZuadEWioTZztkDWBu%2FW3DllgJs8zbSfTLdbBw1C%2B7%2FXJk24V70UjjQYNUUE6NMsOROTIL541k%2BW9B42Zr7vx%2Bb1CbtRW6waR0kiIpTp7%2BuNVGvLj24oW05Ux%2FHA%2Bi%2F82q%2Ff51HKC29BsdI34zm2ll4v2wvbYCoBU0Y1veHH90X%2B4sVjiLIdb4zrjzdj0kCeJJcYMPrJYGw6wmuKFVOikLK0q%2BsQs1guQtvTXHhZyWlnJpUfjBsLI93H%2B0XAw515g4dh34disCa0t4zudlpyOdTcHAbpk6RIw
2024-11-29,巴黎世家售出8天后要顾客补1147元,66.9万,/l?e=91b4spmmDjGWxYah6OvVoo8%2FlkUCStP4%2FeRg25Sj4M5vvByMaxMqJMqnjkkOm%2FfajOyWuot6RuBl7e6f7apIo82LKcSdPPTjFZGfB%2FeEEG5xH6jMyuC%2Bv8Rad58zTUSvXl66RPrhOWchZxKPhV4O0SYWff%2B3EZDKEMSpg%2FsTPdAT2XXCRQlCQJlHOKXla%2FsOBH9X3ZEy5Burx9t%2Bp1deSRY4NA4TNx%2BcqZB38nhGq%2BTGjXQfiV7n%2F1q0V4VuKUXxevdJH67H11Qd%2BC6Ua1Z3%2BYj2cXW%2FgICgqywVHuZ8QotTStk%2B2D1F2LBY10p%2F6obJgIKmw%2FBV1wrUlbwjeJU0i39EPbklT6oA3ESyRgdOzSFn9LnjwQOd8CHJVswRcMWfhRepEu1JAOugk0c
2024-11-29,虞书欣丁禹兮意林少年版,剧集 137691,/l?e=8205Yh5xVLDI4H6DeY%2FRinZOYc0rH7Mid3bdqCQ97zddJa6dg8YrtpWmHQ%2BL1AoVCgqApVI5mOTMO2rqDlSBh%2FG%2Bc271hAGvNkfiyNhfSE%2FgJ6IeHLJkFI6y0DEPsy7UkjFaBpiTHWDmQTAAPsCAyIiJy%2FzWTODk80hDiaaaZw2pgX3ueqTIr7qNbR8OVxqPjz%2BnhBrGl7A9AAiAGeUWolMkJEmbuTbSVXhHKePP5Wc0wfJxBrcIMZmo%2FSk43FkoLabh1STeSy3gVzL43X1LRh9gjNgiLwhD6h16yygF0gWmjqTioDdTfyNlvpuJv4KI0s7zOj7FFzXJc9%2FpW2%2BNOQavHgC77y36
2024-11-29,TES官宣Meiko离队,12.9万,/l?e=20e6PZnZYzrTN1c5T48PyIe%2FZkYCcSgU9ecymKBSlyg3gPaiE%2F45V6B8xBwDs%2B2YE7hiBVgkXkqPQA4Ge5sTPJBJEjklguqzdw%2F1FJGhkIsQrZlZYfZzGIZhTvdgk18d%2BX1tc9I9msTgkRlRWPsAaMrp6A%2Fju5O2vw%2FZwpjtuegineJo98DVg%2FeWJSP7TA0w8lxImRnoojlHqV8Tc%2FP31X1RpjYe6j4
2024-11-29,唐嫣灰紫发色,音乐 110851,/l?e=a074VJ6pOcsx0h95WYW2x2AdU5Qgvj82UagmKgAJHNs%2BAeqQg6Upbjf16duDC5BDYN0b547Y%2FABxUjlxeLEA0stkCVglpdE%2FpVj5QjQww6H%2FRewRcxEK6FOlXsRkxaB1WNsMc6t3za2DmxxYPmJ6Bthenb%2FJqqDwHWz2rjLfVT%2BdRiPW6R%2BGbeBPABhv2j31HbwEJYK3NdQhR%2Fa4S%2BJ9GV7NSe6%2BZdFUdeqwOfYfPy8t619IRa81F1mi6sp3
2024-11-29,韩国人的精致穷,40.6万,/l?e=71f8x0YhX4d%2BTm%2F%2Bp4vg6T%2BCLmcgjwOMavpM%2Fjykd712ktTPeuQQBGFKOXKMEKq3XlZNFHLvNAu6r%2BEWAmrDds8GIRJ3piOL1aZk3xY3GFtsRrTM3AzOg0qax%2BrgYPmMSTwMX45wI2NF%2BlDpv8VKmwrVBQXoTXID0AWh3eNZpQobUjGKSCvqsdzA3W4wBIBb1Scro40S%2FW%2FNHKEaUJr2k07NgNS3Lw4xdCAhZfxnrFLRLaNgoyOn8NdzZMOXjAqhu%2BHhm6q6MCqtaBKl
2024-11-29,林一长沙活动取消,20.1万,/l?e=7f2eeTUerx1VlfNqeQrN4Z30pqWEFqSFb5eLZKkDQl0ZryU3ACWQ%2BMm0qeW59RpO7oCXbj94Olg0cpk69VqvW%2BRPIXhVV8nZSY1SOJxlHvNVQRlwb%2BtWnvUmBV7wGG27kWhbOxUUn8dqdJEHiBHT00apZkpog%2FGmIJrXSm2Ut1P%2FruG3TASyZl6H80eFFfEFcnQ7q3hHOTW7KL2L56ncI%2Ftrsg30qx3d2%2BPl8vgqBE0mPKCfub1hwJqerdnG6nH05KzzZ0rAqBee8YpXBNs0un1aK4fP2uUxu0Gu
2024-11-29,年轻人买的水果半数是情感商品,14.2万,/l?e=14fbi6QHenDufkRiaVDOt%2FVtk35hOHBM3BR5BL3byqbG1WXObLHvPWzHX%2B0EDhqWINlzMbva0FXfvNoru%2BMnoF3MPfGes2eFSiycgZx6t8FguSDaejCAZ3NadenMgEplRtUxCqUTDXtstGV1Fj56phkUKEOQQ%2FXha2fqsP1zR%2BGmhUOSVonAM3pcrbG2auUb1RTGUlcB04clQwA32sXb%2BQPuP0OTIiefswMapEAN0o0IC16L7DLH5uOUbBNsBq8u6IZqHDJLDqEwc%2FWYSxCcf%2BT4Y%2FvXdEuQFyDgrJBKqYasC%2BZRb%2FZaS3eUOH71tfGqG9ekHgxuNySPdmkqKKMcBYti3bDywrmiwnavWN47bNvt%2Bx1UlpDh5xxo34bGLo%2B8Un%2FjbR%2FcqQKG%2BAZF3Hunw%2FPne9za
2024-11-29,林一霸王茶姬活动,13.0万,/l?e=0d57uAI8cL95FRT3CHpAn4ZbwGXuKK%2F%2Fe1F%2FiLonx2ItW%2B4CIaN5pIz3BBsMHuhnuZV3haGuUrd1ooVeLJ%2B79WKflDXUjjD26KLomNWzjns3ZU7qissCF6xIX0QIeDzdAvtVutr13y3RBwcpEIH1CueVHDfeRO%2BJemuK05Y225dstJDwUhE1E%2BrNmHQiAbDkRX5XF%2BLn3f%2B%2BB3bLxzfVNKuuuGDcGscjSgqwpIQNbyTk2k2KqL2DHcw4UMHle2MropEQlS4nWwQlS8Y%2FahRIYeGnI78pCiS2W0WL
2024-11-29,侯明昊无处安放的手,11.7万,/l?e=d9e2HDPj5uBb8hbOUm9D8xO72U0FXfCUH%2FV6JfOMhWlcOyOiiCAHE3nkT73kpqXEgHU0XDeYjX0OBDwPrU7Sie0n9Ul6wb%2F4g%2BoJ4dg6dr%2BOdd7FbIGu0vv8uP6m6PMzmxSg50jfkkN3N%2Fy82NJGJq4Lhza3Z7YZ9iYx29ztT7bCMEheD6gTDx8jNO63o9Em8822PEx%2Bm7RclRfh3gXc9Y5TCgcvAF4yL4zcjifR6%2FW2qspJ1SVNNRkZL56%2FoDTHPnfH%2BQWoIRSoP9hyFvWJnGAIU%2BN1QC3Vaf1%2FAd%2FQE11R5E0Xz4lkYkjO
2024-11-29,上海体博会真的太好逛了,12.5万,/l?e=2461yeISZSK6gdXfb7E9G96y2EZFHCpzsqhUwRwpqqqy4Y43sG%2BeNglO2%2FL1J9%2Bn4prD22EN3LKKGdDCClm5xZF5vjBEZb4T%2FYy4iWd4nQVFbFpWSjGF6mm1b3hyKcy7pWy%2FdCmevyP6GBlT%2BAMy99jEn83sZ0XH3wv6CvyUUAaGOQIOE1qKBoZL%2BZguJmELUCvgaIzAaIgBwiSXzrSeFYTM5X%2FTMM7oebOR1kmAETUhpKHbD9BKfNgn8OipuiZAMUUsIuIklGLSiAZ0gMhmWJOsvpl04V0jjT%2FFbW8Zzdk1f6KVjtDn6NtRHdLfzl1uzXgI0z0Szz8TexFBYxxukqL%2BgeuS7GYs
2024-11-29,容祖儿心淡全场大合唱,综艺 134258,/l?e=def8P8h9Fcgf3cvKfBUZXOZGz5Br9znhZIU11jRKSuXmfpVU6kSb8hwwdSaMhdk10knkAOl5NcLD01I1oYnYgC7a6AXJEJy8vamssWlJU8GHSoNIIWdpDOtaBZoFg8nEDnejnEGk4wZH%2F4hEDf0f%2FqR1c3lT4wJDfN1PLZbsrBVGfCf4IEwYY9PRHgbN4Dc%2Btrw2%2FIzPx3ne7IXYoU4p37DtyGOmgIdAoBa%2FXdxmDy%2BVmHay5KqJEyO6cD1aBd7C0J39UT8cWE1LplJZmMoBIhryzjKD3S9sSrbQKD7Uk9tSElOvzlFV03d54XGsRciyAwFU1C79z0RO
2024-11-29,王源头像P了个新帽子,17.3万,/l?e=9076hA49TpoWnJAlrzlv9VKF%2FawEtPrEWHNP8tU79jk9%2FvaUeW%2BWXRM8%2BdGMYi7G2MTmd95v3UsoLzi9KEyzqZ2Ae9B4THTYvCXcNeAjbc0fgEwwRW34DjEdt%2FMQiKhZzMGlb%2BBOr9Yn5FSk9nU5LYBKQRIYfc1%2BsLR3UjYy16LeYWH7R93%2B89epf6QACY4tgSjwaVLrmaxOTFZW%2BUFSL6qlwltHANC2bBBfroLQPozGVlRVFwipIN8TuJCrSmm9z0Kv%2FmM%2B8xM9mjQ9ncZVdDXj9AP499IDxB6ETQy%2FVftl8SWYD1IL0Ib9NQ
2024-11-29,再见爱人4第七期视频没了,综艺 334653,/l?e=05faIhQgC9A3Mg5RcJiNyH8WLtBB0ZM2ob5UW6egy%2FiVLqgHkS2UvHj2IaX%2F5VIHM4oXyXq%2BTxSZTJwVjBE%2Fa%2BpviarNu6JrbUAqD8Rg%2BT6kx95Xpyb4ulO3feNROp1wiTRNBeX8i7%2BwgPTgpMGwrfES963m%2FbUfo5WcBYenTXy7sLs2Am2qk7UA5TtNDQ1QgZKHqYxYNEHW7utSJZCR0lIIQk7Ipt63JORTcjejQQXT24n54mGSRcGx0VgJXcL6avdPmZSouGk%2BC7dqUkeTIUQxyeTmoPgGC97sKIls10dHbfr7WGw3RsvxBpl2ypzmmupPeB0bdjiAr%2Fr3o%2FmbHQIfLXpEu8I%2F2A
2024-11-29,优衣库创始人言论争议,19.0万,/l?e=f472lOiHJ9UYK8vo11PHRI690P%2FR%2Fvp90x6guK965GOwZQcYIPe9Nx%2Fv7JKAcE55lYkKZMVnBimamMR2XysrHQNkxmwgQyiMUky%2B46ccqnkA%2FVKN9NZVJjkcO%2BJeKnXPDl3kbtQkSPlMIDuXo0Jr8sDG%2BG1fCZlcfKwqJk4tSurpkvolIeDgtcG1SvGFgwfkMPmvCQ%2BXcg2G86vW1nN%2BzeN%2FPVYrNRXplZf56W4Mdy%2F6rEVTOKGcrsBSmT4uSmMvKY1BnbDBPEd4XvfW31F%2BF4paghzfwhDid4M3%2Fs5bJaHapsCffsUpBoOjteOzm%2Fs3t4k71wsl8TKn
2024-11-29,丁禹兮看人深情是因为六百度近视,综艺 132684,/l?e=2ac04eG4lJa%2BxNZ%2FVcDGhzZOwqL6Mh1CPxFHYa2mOcdaps%2B2LSBAjOCrbwCoHd6lijz3wAWSw%2B%2Bd9LgsAv1%2BsHGUHm18vY0kcCV1Qnue29tqrTCEnrj3d7wzoWRiQ4YsIplytEHJgxYE1hKKTFZ2opCpdpNqV4%2Bwg82PWAA9C9wIse99dX668vKuzVDqLHzFI35fBWY7DFzlJxBpNs17k8BaqRTTMEh65%2BRaVA86xwSwrNbCp%2FzQXcD%2F5wdi6zHiC63svH%2FUejSSiXCcH4IeMywH1HIMBOYDNh%2FJ2yqEDQduoDaFe6YMjEVI0DPeV3AiY5G%2BS9TBzqFLUALZMOAKUQ0AVxIQAiUpdBbQzR%2BHSG1J5RjupLqidlN%2BLJEe%2F%2BknXoVBUrfvXQnn7n2UNk8gH7WJB8XlTntKQyt3p905Q989sBpS
2024-11-29,奥斯卡宁荣荣 新还珠格格,剧集 123615,/l?e=ef1d39BcZH7HD2laNQsmVTATrtFccgkBbutaJgh%2B3zwuLkaIBVzV1Bm3S024ILydNP9EEZY32Sdu%2Fx2l%2B1tm7TTmOkdX%2BJmixwSRFKRiSpi3Wc5J0ei%2F8KOPPznq%2FlQFFolTbAJXdYtd%2BNxvNWALLA35sqQNpcKGVWNlqZdip%2FR0dZc84MWfuWrCP6uRvbWAYw7Gpko6YFKKDC9cH%2B8Dc15kbTetG6hNC7zwdz8yKQkNl5DtsTNPMIFWI5XxYj7W%2BDjPqO8nGHJukss4i%2ByNWu0M2E15eeWUav8K%2BDOQO9%2BST5Nq4s%2FUImiTr%2BeuYKw8VHEcciT1XE3Tq7drePUR19VjitZvnMnyCreu
2024-11-29,丁禹兮 包治百病,15.1万,/l?e=1c46ivNNvm9bCcdi0Cslvqy5DBWILFIVcK%2BuxfJZ4BU91S2R7A6W7XSkj%2FBjFn2AlCBk1dLevpXO8xvhEXday1Yix9FEAh8NQAw6yRFtUgqGHVeUQULv2o5TmOxFGJpKy0jiCYFzLZjAz7fD2IG4nHq1mkt%2B9fS3RhcwmSaNCKEK7nXtjDcnFmdXp6jy6nO9COWxsdgmzBnuGJWvAp%2Be%2BsgY3QyV9JlROVUks%2BHdQGuxySwPHYkhEzSfvBihcz%2FStscnhgh1h935ofUyGT9V
2024-11-29,孩童被未拴绳狗咬21天主人未现身,291.9万阅读 | @百姓关注,/l?e=078dmVa5106rF%2ByT0W2TK%2FOjE%2FFUB%2F9rtlTAmU5dgfis5Z8ktkEbbGD%2F89Fk82AlR4TZl4KJh6qZOr%2FAeB%2Fv3D02dEMp%2FIVlv0FlwVqASYnHhEyUKpagG5UE3j0%2By0OyWREPkWhZEgRfoeBqVHyOuvC4v2t7NqAO2z0egr8yAkHTHf2zLGsWiLhLMOMnOmV01Pf0kR0U3zZf3jTSceYvdCxjxrKqjfwTtK5jIezXlGl3Wfb2nlpS0YUl%2F3PPuXcdAcz8snzLgmKD7Pe3If9u%2FvLhiq2lmjrRDhBSXI2aawlXW01M3M1XiigJ7kFlQJ%2FebSzRLfIUk1H2ScBzMkVsBtHFIKFyTSMquCgoTR6pl307lQJOV4XaB%2FC2CiAx0WtVzSGgskMkQLv%2FzLrl%2BBvOWwXCImz0mvc
2024-11-29,MRC对战GW,13.3万,/l?e=c6a1SvDdUub1jthQ8lBEGek1dIWDzrMbNt8lG24VuIrn5ImSA52LtN2z%2B2gXyTq2V2G%2Fyu748rxO9sjALqtgdzw9o3ARKJSeLtE2F%2FSnUJHwEnpIsxcw63bbPvRFAECaRX2mskLb8u%2BOnBKYhfrul2q6VaqHSOTrpYV1GoWPrOq7qFQe8Uk
2024-11-29,有毛利兰陪伴的夏天和秋天,18.0万,/l?e=cacbEE53EeZJ6b40if5%2FBsLedyrXUaZ0aNf6QQR7UI46CkwB3IN98ApY15eE46KXt6W8vTgYRXaOyEzBjLH9hFUgBIiR90oL3VyWb8d%2B6XoGm8JYTqms5CG28D5rQvhBuazp3oYLggVZoIAJrjVmkZKqRHA4gbdhq%2F%2BhECsiDWtVFegu%2BvEwFbxLQ%2BRA8fcppt25AsfL1L%2Ff%2BxuzEgPbRGsH9ra9vJFTrjeVyrp0oFcNG5h8orZI5rc5keB8rEUKAKqukypndc1iYEHUzZJM7EblivabFqHNEhAhvcxgLcMf5JmpK1AUe4q8nFN7ZJzf3DYqs8f%2BjxQZXAoSTMexanjELA1muaIWXYrOaht4cyqsVY5wVkJ0
2024-11-29,南宁一家长称15岁女儿孕期被砍伤,11.7万,/l?e=4bf9aHn32W4qtHinL1ZCvmRl0Cyy8KZDXCywwS5lhcaf4aNtFWJGVfihMeGmF690vxH7XIba4P2ex7AewtRID3JRpHUZV7nrMfXQ5ybZJQD%2FQumoJUI5EIO0ARV3XlUALGh8hqTB8ee29pCD2SlRW09F3mbh96WXevfgAC85NA%2Fcu141%2FXq8JQdzw%2FiOfcmI9CYJ3qSJmI2hrxQFs7NIuSUEhbdJSyCeP9l2%2FibhWwXIQDCnixqkUNCUZ1n735kT3iPDC38YEr3%2F%2F5Eg%2BYX0mMH9YBwAg6eae5tub8r6CncTawWuelouTs7dilq9KGtoEhFiSQYxxHWzrLxN4dkSDvDTHRDphUqQ%2BbU%2BwzBOZOz%2FKjw4lNPhkBZ2NZxSMGAphaFv7aXP%2FLgKNVaTrwgbMizWome6Uzg
2024-11-29,杨子黄圣依 人设,综艺 110717,/l?e=4e57EFbrWDUw%2FslMkSJkbjIepTxaBCdeDTFtZrrR4es48dg2sSK0%2FZirzqeIjKVSQjGpJfZYU4Hao07ckOacb5o7T7gJV3zcaYP7eFa1cSn7O6ARb9tMM2Dml73yKxXT8xbyOmUZ9whjihx%2F2K%2B4Ig66VgJ4LJMI%2BxPCKhleSqyA7tZVSHKoanT7vb5tTwRLYhpWx48SvM1JXMprwt2nIw2vy3hOcw8wG8ZwkV4qxBCYuFdBpx3bGrg9iQDkysWsLB6LSSw7yplViSSnHNav
2024-11-29,张予曦 初生天使,剧集 127019,/l?e=476b%2Fos9mCFbvv%2Fg1rI6d5dcnkTwAiJ2RhhZLDKV7I52O5yAKRSOQf473zmcCrhWNNOLF1iysJCcbW2XtvwALbLkxOZL3HRKKNrtu4%2BASeDY0PHoaRhatIUm4V4ApUL2CtMukh2g2ZHxrUpEvgWLQtAoWoZNMwXhbR8Y8jXQ8bjepr9ajoDepUFnDHulUxyXzueF42%2BeqVRBK%2BYEvq2JjnMDhhvdPOpeCQIaJC7fvCfIsaOHYO1dXCmjzgIQvL8QXBkMA56w1NFLv4eLVyDP
2024-11-29,3人1分钟抢劫金店价值千万财物,15.1万,/l?e=51aeO9XecIcys3GXuTcUaVc26kTwfyv2Oypg3yRaluh9SAzUEJwoJ4NilTysmGIrCJUnrd9fHr%2FhirJKtGZovGLT%2BPx7lXgpDQ3BgN3%2FoxN74yuEQsAbMphtnlW%2FpDleUKXBBOxKzlO5vrYMblH23Y890sVdmgvKcebfbr1yi9%2F54of9zU88VBWxF6VasvZzDthuIKhcSUdLJsrb%2Fa5dVPnA91oTx0iOCuvP%2F6ERMEFKNMWvOaE%2Fn2HMRVFTVI0s9dOihQ4SDAjm2Lv8Num1mGzd7bNpJao%2BCOtlRvyfq4HoIhGFyxXxz7a2JXqJVLaJpN%2BQLQCEtlYKTreLI%2F12bkNSPa7%2FWKhPITTYT4x8X5aCbs3pccSXzzADi4O31zKZ3rt6PO9dfmQ
2024-11-29,派出所回应山东一金店被抢,706.8万阅读 | @大象新闻,/l?e=e4beX2YtrQkrSi6nRMdcrOi%2BTLOu%2FGzjl7vRGUODbde7rar%2BFv%2FaJ9i15Yyds634%2Bbx%2BTcmaQz%2BWgbhuzHtvYxPX%2BuqtjPzMMOcs85%2FNqPQh0J2%2F6KIKuRDsuZPwGduwPu%2B027JE6%2BMwnwlU9IL3vOyUrpuv8Bof55TR%2FK9vOdCKgrB9rDh0JEakDnjwSa5WoJY%2FSjBGBOzSyeacrhEBqds32wbfrN4ZUi5WvIZIEgCl7Q3O3Mz%2B6%2BAkpkIzLaIC04Jt6eyPwo9J2X1aI5XPp%2FXbOdwQ2LvmH2PvZ9gxgEftCuJT%2Fw1y6QR97fhjuStsmB8DoEJJbsPukUwRBKLSKgxWw4yPp5qMEhF6NdE2gPzfcLLSJS5q
2024-11-29,珠海户籍居民可一周去一次澳门,11.8万,/l?e=045er2yvZmIoqcaojMPvWdYE%2FjRZgsoy7UzOgfHzZHuOkRPaFYcMMSyjHQL8SoldK0dknFZWDSKibyycKTe6X6JIV9Pp6ygAy0svDhUBZfoibctH%2Fs6NdRS%2FoirgBk7eRDhCVsA390rcy7PEb0nIIAq9clDus%2BJa7AXJQjoAbX6kCOVNp1oAal81djG8eQ2w6R2jJzC910dIacIDK4IDsVZwdbqEqq6usDswSihapzfdArFgujQGSXIL3ZN0920wDxn8F1ORkuUAhsxGXY8FriRsyF6hfkAM%2BCAK3iIcARLsGMiXA2dQi5RYc5qZ7hGeWlf%2B6GhEJFy34goqjybN8x5J8T9ldRttZmNIroPtvj6%2BxTh5g1hZHbksCNyPtjLj9bso1Dg%2FxXGdB2YIWaJlEsmpCCUz
2024-11-29,蓝天救援队辟谣外卖小哥海上送外卖,,/l?e=8b19RUteO4vpmr4GkFZTmVjCQjOLvSNfihWiqx1wXefUAIj0qovFNipuh1Aaer8ltUnQllkxHCCh1aJIAXLGG9TuHxQlSbbstOlAVvjehKJkzu%2FLHl9gQOTD6M6b7ffxoGEd1HMJtLqZuaXyA9g7TN0mPsffTwPEhc02iVWttxRhD80ooneAVqNZrPJ5l3%2FI917u8uMl9zk1u0o99T8S%2FHY4OyH0P239x0n1h%2F7UbDJQAwwwHUGkit19bfTtiM2fAkM0hqqYfj%2BoJOEuMgszOQRvvtvmKZpf71HhLE3LMImZqVpcD46vA0qYWrti5hm04QsE8JPYVaWNMs2f5OyEyR9LYJCsuFrXC%2BFZ%2FPtz0PBeQtk9dviH49TWW0BBNkW7P0QSRSIyNAh5FpxinW6%2BkFqyRQcNLZJ7U3myxhEen%2F03dxr%2F9ffs2QIYS3i2Xc88ZHbN
2024-11-29,卫兰她整晚在写信,综艺 136195,/l?e=ddc9Fre20e9YJfW9CSaXE7jgl53IJOJGdyEN6WXQ3MvRh2LJuKf6TG8m0yaR663TGedgSRp9NBH0wNBPQAW3EPqzn3xdRaGuOt8TNBbcySLOBBME9f5EYfz%2FHHTFKcya2oW9LDStuqshYnIqb7N4GSAOzcHO2Epbli0yQs06yYgb6E2PEqXSzlxu6enHDssX77vin2dYtjkCYe50lw1ciV%2BCDgpBg0%2FT4qkV%2FVc%2FWORBpk8pe9QvOPoNh2y7kKNKNmTVvny5h17lf3NmNPNv43A%2F8%2B6GNf2Q3ObK
2024-11-29,鹿晗好拽,37.6万,/l?e=d67aPaZ2taBTl%2F56ob8ySY8NGIDpnL1xUQSwZnGXSekN7bwAa%2FcO8sCGnWEVtQ6i0mzckNZIuGimnEHt4z%2B9fFYmJtopH1cJEOhjtvsyyaF3QpnulXk0uBZSaN86SUhJoXvuLFVECqNjC%2FpVt%2FiTQBSbnw0tXraX8CsNvLvesF822bu3QyfsIo0N7ekBzqyVIeCsbVaFshXL7ckmX%2FJv
2024-11-29,108是法考生的幸运数,16.0万,/l?e=9a62HrIXX5Cch71K84RPDyiboRHv5aZ45vwo%2FhltgWX1Go4ep7%2FsQaZzZzyUACZ3CesAy7V6Y2Rqxh7ql06yTDLcGUxACZFKHk0jJoJ6SBNOOAJCQmZ55T%2FEa0Q9I5ValmbgfH3Xzx67oh7018elgzuZ6m%2FdzQV8WkU4%2FTKDoJXx7HNiRmXHR0HZfq65MwDre5NhhJEfPtnhctCupucVctS8eKJRY1VadP52USHf2OgKvJfrImyf3J7063dZeX3TmhHVukOrtDVx%2FFOZY6e44fXA5MFKmXGjFKRnkDy6
2024-11-29,NewJeans解约发布会后首现身,16.5万,/l?e=e1089gxiVMzaqJID1BTFMYsujNBcEnZOsGwLcnh%2BlJ71rJTb%2BzkSgOuE8zDGyD7FRLpy%2FwH%2Bkclp54ptSZ8Zy6NVNrOT9tYRt7kHikuopwE7Ws825zmgmZqVZC9l52cSbs19rvnzXgUH%2BcKv0PLQt8Tm5GZnoMig2XqLq1FjF%2BfAkBQ%2B5f1a%2Fm6CpOpuhjXXVxLL5GZpSBB%2FsKFZv6EEjnRjIuA%2FkX20dy8ljj2eWKY4sEJw%2FRId6WyLKgFX%2FOiLY1s3V3EFzn9v7sAL4S9FTjVQko9ADPJWknWN6mWjG3bggczrGog95vUiCv1s3zrjxC4
2024-11-29,唐嫣COSMO文艺女主大片,16.5万,/l?e=e821adUV0TZ%2B7K1f%2BjpmdutkEEh0TtF2HjCwr5brl9Cwo8gHcol1N7mlGxhD%2FdZqtIaj6nJhgwBUZ4AkzWKrqDEZhXQLsIovPRhvjB%2FJEOrFcGMVxrA9%2BiDs9pauRScTarVYCoTJ%2B3qEQC8f0MHu369Bf9T0DRwZj7r5EXWK%2F7%2F5VNzhlqoDz2dS1Ub1HPNYu2OqqBcs3Rfhj9w%2FPztGpx%2Bws0fUz2Re8%2Ff7qPDnfKNacx8qpAs5%2BsPAaiCbSthO4Nybqd%2FDVN2zRi7dR%2BXpm3yG2is5139Mu8J8gH11wzA
2024-11-29,何洁时隔十年再唱rap,综艺 181138,/l?e=1822QCiBJLLjx0K3TEc9Svgf10c9368zFlYhQqNQeGSqBaIrNmRXue9vHDlq40n69R%2B8EGR%2BrvD6L94r6xW3JJiYtll5XntU5kJun9fb65873Q%2F8xqzGEt%2Bym7QQn53zACF73j4TJOBQBuN7gwQ5UXJrIjR7qnmKJmx9eSLhaUtOk9eq1bDUPGRP75Ls4jgZS5LRIqcIxv1TSG6BD5BiM0UWaE19KfMaL7XhppT6xe0n7aAAG%2B4m%2FItRtAk07dEBdTNoaFlrunXPB%2FS39pmZlPh%2FVXuV3Oa8nHeBvlsx
2024-11-29,古巨基cue宋亚轩,19.6万,/l?e=ec06Yd7TuS1Zu3sUs3%2B1wi7Mb4vSVMQSA%2B2O32XD%2F9ckS%2BE0QVvhN%2BUTj%2FkpGdCjoeYQ%2B0ArqIiq8ef0DduMgn7xQnCZ02vmobKGoJowv3e9i%2FQ8rvcBLnZWWsdgQcgfWAJizf3Rj9L56dwNxJhfejAfnA1IeKT28jVKjdKXUNdhMnmo9mohBl6bGHeRdopzXsEFDFSPUhxXszgIqNZ5aUtfNEUgKgq6nprTHd9mc90aCR51ocn5gEKFw2a07pS%2B
2024-11-29,WBG官宣Crisp离队,12.6万,/l?e=3683OrRJDCB%2BDTbWl81Ijs4IMZLUYVB4cOqf5UHOpgzuzB866UwCMgQW54gEst6mGN%2B4X9cykEPRYyI2N%2BcJ5%2FW8zRVii%2B1RPEGjlc5hu%2FBEc%2BldhILqFnHQ2boFUcksGkVPJPtiHpj3c9kJRygGlW96jU0wS1cQ9VNneXsS4OT2SWxVnCVxPbbgXj9XtXWyXxZrJzVzgkqbIfJ8y9X2e2p7EZJRgaQ
2024-11-29,11点05分是郑思维进国家队时间,14.3万,/l?e=0428p2BCC4qiYG7iwv%2Bn124uxQ%2BZhvmrXW9jBkak9OKnxzv66LthqwkZqvVL3Nc815yJZDX6T9DE%2B7xnZM4OZ6j%2BP91tIZNCpZJTeMShoMOO55gYVqTonh8%2BDjFwZKWQKxAKnsnioWaYCoM3zRc6DuiCALba%2FfKxvnpr4EnXZI5H69sy6QGjUY8eTMFIeSH564QDHleBfyJDSnIWzxs0WiaTiMKcHQbIPfIL9312FZgA0O6A02NZvKdmlWJ6bcNbO0GHKBrDuRCosNGu4ZIliQGap3y53UbvDQniI%2FlxPESsdc5jScObELiWtwp6B%2FyDSTJgNi2q31g8zEcSQQCMcXifpfOd1maTX0%2B9%2Favtqo6aQL4R%2B8Qz0msyLw
2024-11-29,黄雅琼回应郑思维退出国际赛场,30.2万,/l?e=4d0cIZfwoeJ5yXbJ6oZccu0VLOJMDhJzXptEx2HrvqvtsKAwlaaLUDd1%2F3Qed0pWDLk2g9h%2BehRobb%2Bbeu5j%2B0Bni4xCL%2BKjEZNjtgsL80oCXZy6wqCfq8gIb%2F2ibWoLYMNyJm8pyNIIEjGKhBwn%2BFr5wqkN3mngiFBFw2Uf%2FPNcL90EqSicGh4NS9CENBASeb84bE7FbT5KZIsKiWYwJsnskMStPZtmoNufBVE457Z6m7Ct8k9Sb1k9jq5xfj22YavI1w7fQuKXjzi5IgzEWpwAvZwxKFuU65f%2Fxm0C8Rjq5RN6aLMjmHT1VmH4ZKa1%2F2QSftoobkfab6fcMoW0ojlVY9HfBzdTGQeaWj8t1Y%2BU%2FuaIpLhFKFy1QVbTeb1VPjxSlE2kRy85WhY3tSiYbRguRD7H
2024-11-29,中国奥委会祝郑思维一切顺利,15.6万,/l?e=d74dvhsU6RK3OGnhNfbJWdJbeo7sNY8MMXBiGaQ74h9D%2BVIxz030Wxw1pJGnKyLM7a9wRBzybVZyemh%2FtQz%2FGPh0DUZzPy866ZyKl2EUw7Dmhp76lnBk6Ay6pDHjTB75P7eHwt5b3Svm1m06ElXzST%2B6FQZnSF3rxyFeAPSZAz%2FPeI5WpHD1FAmJGtVGOfq%2F6X%2B1SfccPWuXNjKpjlECbJRko6430bJKpS%2FJfAC7xKYKd2NIncm%2B45vcrNRgziTwXq1GPdR0riSLelbdPEErhxZM%2FY62bOorc0tKOTpWXj2CFyXfvQcG1HOTqCy5AdjJ%2B5jmsZTo1OuSvMiQ%2BbhyvnDVqM5J6MOtszzyhrwb6Shu6vTEjFAITzeCb8sQCviqnEAum4QZ
2024-11-29,陈少熙预言家,11.1万,/l?e=9aceCgWtVrNt8436dPibgYjBWwdS08XlIbv3RHJNi0GLcVzHYHBkkQrVxRivzrx9xzfYb4Ds4JQI5B1eWqK6Z8K7C6E38ZdKSZEkU26A%2FDCYhz3tUUOrJx6JpOLh691lyE0gEWqtDGklu38xbOyGLIGUTMTU9kHK0UYnVVWr%2FuiykUX2q6fgzB1%2FchMhUviaAaaM%2FJ6%2F%2Bg3oZ3LnsjLXRdl9YJ10eaAXbS%2BJDH1FTXAs777a%2Fq5Cq4Y0XBm0
2024-11-29,羽绒行业人士谈生产内幕,1309.7万阅读 | @九派新闻,/l?e=7f3f8gWP5T%2FOIsZo0jaWA7pBPNG%2B0Y3RKiAew%2BTWqUVQa5ZmFLeUb465CQexa%2BJFguSEX0YGOp1qlZSmA0URWnTHxwJXUjQe36v96Yw7551tgbWZ7BOduuu4ffzjBcM01kyDFFJG9QuYYgJyAEWXTD%2FSf3XObGAGTlIN3L3bTXcqP%2BJ3XwnhR4IP9kVJyWmU3RuTzdRFXgZgmVzyjjp1gUV2ykfDyy3YPzIqNnjMC3MuLDXSiye1deETqhFF9VV1fd%2B7PM9o1QN1lm06Vkb2G43JQkwgjuhEIu%2FBFvZ5wfB1P4TiDlFdTgtXVdxMCjCe4aBbvBLIkwgCtJ93Hr%2BZdZOkpoBuJYN6
2024-11-29,官方通报学校食堂吃出青虫蜗牛,508.1万阅读 | @新京报,/l?e=cead%2BtteSNfKADPzB08gobT1DNI8Y8d6Urw3N9iP7OGfLcoP7v5w%2BPOdEQcEiY%2BK%2FS7sU%2BpVIVH72ci2WL5ULW5arqXCulhR6kMbt1sDfUzkgC9GkL0sOn%2B6PD6ItQcviTi7%2FkJXRF3VCRNoxK7FVpCCR0Aqh0Knp%2Bbgh9g8Md3bRooVGafNc9Yq7fLJafi5ry32F0LZ5l66AC%2FAqL%2BBf%2Ftb6p1BfLtgiiSI%2BQ2QdwtdUpYrXbWfpbO6ZuiFXeF8oQba0X1pNt2Sx2CwGaQGCgvczVlZXrnWIPVSPTIOqIPSUjmpEFWR9fpe9BWIRqp66R6YrTWyTqv7s5sF87gDxf32Ttb30fgM%2FGrZTMkQO8CNUJgTP1h3W6w1NI1WwkIKh8mLctNxq8%2BlfGyT%2ByNw62sBFRl8
2024-11-29,婚内婚外老婆情人饭局修罗场,剧集 116034,/l?e=b465Hl8qsxlFWzEI261hFy7Cmye4MhWEBe3XV0fCmbGKafcwR9ukZ2SlDkaEjIkGpSTww6Z5rA5xQVX%2BJ2DqSHpX0oiKN8zSo7NGAmdEdXTGNTCvz%2BSQC8F%2BU0ohOhzoznsJKIy0BwJOjR3XBbS8vICPS5%2FTTUt5dhpHJ%2Bu6VE2HRqbcOA9bFIKV2zyabrKQxc6Mm34uJngg7fznPvu7EXWgijbcl9KhMXGQ76n4AmpWaGm1msZaFusSs6bgLBPZYZPJZq%2BJvUMVGK1fdHHJzmL7xnvX5LRFiVdUrcvB9cJUQVXPYhNsnskaBwuVINE6h1xBdouk6Vdghri48tur7zTRJh%2BcKPYCDnerw1BEDkU1u2JC56dSHEEztreshPa6wG7bKCC6
2024-11-29,Puff和Langx和解,22.8万,/l?e=883bjNtS36%2BsmWCJOHjGqjKTenccP4Lco5yYcJEr7Z1WkoI%2Buwk9%2B3xMJxvuuC7nie6N8nB71lff4bkLF8NjBbCT%2FONMqNkfzMZ6Ywbxb0HWPka%2Fvz%2BHuHv%2BOOE6LxSlR20VoKTDEEo6oA8tw%2Fr6NIoYTMLXOAHXgKtd6NZng2fHI8Dz0uD0qJ6NYOCBT2A35NXOVgNd%2BNDM
2024-11-29,国乒备战2024成都混团世界杯,12.8万,/l?e=8f3fEZIahRkt7RLm7dUuYa23nWy42zCttbzNKsstQAdeJb8s6iIAMdH7Q4%2BtmMmFriyLB4BADtw248333BjC6oKS1rIOcFrN9gLZ6JLXhe5fn2PFIj%2BS%2Bws%2BHwR%2BsbwDCvFywiwg5L%2Bo%2BntCUfHzCN20eyIOU4zJ1hZ%2B2U60%2FGr9kNjuWxPkaZ112P6LQjQsGjhnGJydxa2RCJWPbHuQamyAT%2FYSai6A%2BuH9OPQYQ7LFiTgRw3DLfN0SxWPAfvtE%2FYmbU%2B1QX6UjBH0rp8XPb168Fot5NIxKpB1VAOE7tpSZtseL7BOQDsCc8aMMTPhucRdUx9anB62BTqbZzWPZMwpJ%2BoJmVdW1HdRpBQ
2024-11-29,苏新皓我记得那天阳光很好,22.6万,/l?e=b156MSpRdKAjRyRm7HbkiU3yDEivJMUmb1OtXV5%2FikT6vgAMgZ3uZkvkjJsQ4%2FeAi9bqt2BvGrGSWQqNMgL%2Fju1fJcmDC%2Fn%2FKd8lYCa6aLdbz6sUXgbCMmhYYnveuA8Rv0XzWTcZQixSck7E4GSMXf0T%2Fnwtit7OwJw19qj3k0%2BcFEquEueyG68tAs8exXpF5yTa%2F5hru5%2Bm2riBLOizKRPXjoqSLxw1TnaWIE8oU7RWUjtgUlLtUCWYJEkl3WMBcuApeaNLPhopouiv3tAY7ouVb%2FhdtABVX4%2BqKChDWSD4HyMlB3d8jheyi%2FeIXKrHKbA5DXiKKnHxDz73noDK3nCNBfbJszXmdN%2FOKC0tiMYvBzot22zL
2024-11-29,金泰亨单曲空降,音乐 168164,/l?e=a269N%2FBFkA2G3No4x41dQz%2BNO8Y3eT5ekK6blmBGNudPmGEmNKKTRBU2F74xvqO%2BlWK2OXljP7r%2BcW5B5P0qjIDikPrFDp5CfLeSSzCzWld7szaHk%2FuGK3J6ayvUvwgG29MviHjX2gg%2FuRHdK%2BYeagYpn6rOhJCgSUpUbI5mV4M2%2FSa9%2FLsJWhKiabVPC6ztgwJHyj8yeS5CWBB2VT75xVbNGQXprO3RrLlK76Vjd4B5nMK11MxnKIODTe9WFjAXrq8tsEKvAyJJK52U
2024-11-29,唐嫣粉发未来造型,16.1万,/l?e=1800Rf%2F99F5JOXLJYwZkX5uU5lc95KbxwxJHqoAgwKieNeE4rcCDmpVkgm9WxysYimCVjYm8I5iwYfVmmi2RWLbbhKyf8Kpeu09XxppV%2BU%2FWbK%2BRdCL6iz7dsWvmqSQo69x%2FgtzFVhb7AGQykXLB9cpRvsuY%2BSJcqZoB4XmfsqUcxEFxFNhJo9upTKCsv%2FBSiYlCYU7glPWH4RC8uM2rOdk1cEOamg9AW04aovmsMpqqdbDF8SBax6%2Fq%2FcmqX%2BTEpWTy%2BpWUjmsnX5cEiPY0O5cFgGP%2BnBe%2FJU9j
2024-11-29,冯绍峰接想想放学回家,20.8万,/l?e=adb3WlAPGqxTx2BdL3QIuVtMWulIbZGbemf2pPBwjd9130nP74%2B6occAbH2gthbFFXCx6%2BEKZamcanY1saG%2FKnjS83XHmW6XbbxUuSH2tzDH1aFwF9e84QLtXdJJhY%2B24zhxhx6SXHcoGLOoGNBDs807ChSVLnfrq0r1Nc4Dyope2rFhluyZ4%2FJ9iza3XUXeoo9fBJ0n7dNyJrkDRt5QjJTFw7bY1epmlJFOPgL6nMbS%2FbIgcV6Kv%2FXuOo0WXfK5pUkHpMkY0V2DYjZUmM%2BFxflDoNoXmgnpXrLa2C4%2Bj5dt%2F87rAXM0lq3zCHSCYKTx8Kig8wiza1T9
2024-11-29,冲锋衣成顶流是靠什么征服年轻人,12.2万,/l?e=8135vbSfm8p9%2BbPFLkMHzaV3VkwjYqeVtDUaEyJ5aNOAswCtWvdWFpMyalyd6cB746DBbsOmwcno4NfET%2F8Fcwl6n4nUAhD78dPwL5tKG6uanrGIMsIRbYBtrrzMosX8GBk6w%2FvC4t43zyf%2BcIld07FkTz16o1Cs66OGb2fCUiuHD3wGt8Larqp%2BnepKI%2FyCXZI5CrMtUIDjzTXWO3nTRAdzcvC8CfFWJjpAUSqVCNSxBH7kbANcCTkT000kYJcPmgizF8F6AeD3EU1OH9Hsaq0OEUFJkjKdNJSuKKLMNVPH8LavG%2B9ROeOOqsiCdMDQ1d16t58Qd5nT4Ggzte%2BZDl%2BPNU%2BEMf4SsNsbA9auzYXKH74gLYbSyfl%2Bhkw%2BJmnXBiCvEXK%2FKCNrG%2BhKLSsqFL07e7%2Fr%2B3PyLWO%2FZPiiaeiv0tze
